length; time; positional_lags
83; 15959467; 1000
64; 9539918; 1000
83; 16319001; 1000
64; 16452164; 1000
83; 15582459; 1000
64; 8501564; 1000
64; 11598070; 1000
64; 16860334; 1000
83; 14066444; 1000
64; 8366357; 1000
64; 10238562; 1000
64; 8776040; 1000
83; 17263110; 1000
64; 9762388; 1000
64; 11730138; 1000
83; 17960604; 1000
64; 17237363; 1000
83; 15493971; 1000
64; 15400676; 1000
64; 17074517; 1000
83; 14489674; 1000
64; 15910476; 1000
64; 11949547; 1000
83; 20693055; 1000
64; 10794282; 1000
83; 22125717; 1000
64; 12524358; 1000
64; 16345395; 1000
83; 15644388; 1000
64; 15916217; 1000
83; 16407988; 1000
64; 6359695; 1000
64; 16522456; 1000
83; 15350644; 1000
83; 21911892; 1000
64; 16255760; 1000
64; 14202632; 1000
83; 14680954; 1000
64; 18431284; 1000
64; 13021666; 1000
83; 19094321; 1000
64; 18527900; 1000
83; 21193296; 1000
64; 12835707; 1000
64; 15320263; 1000
83; 19868810; 1000
64; 9250212; 1000
64; 13137489; 1000
83; 17280698; 1000
83; 25152217; 1000
83; 17661866; 1000
83; 15647421; 1000
83; 16188031; 1000
83; 13140280; 1000
83; 14514085; 1000
83; 15389236; 1000
83; 14741883; 1000
83; 15764907; 1000
83; 20282677; 1000
83; 23308055; 1000
109; 15092049; 1000
109; 25930408; 1000
109; 27601032; 1000
109; 25109728; 1000
109; 27321893; 1000
109; 30928435; 1000
109; 26358008; 1000
109; 24905761; 1000
109; 17945692; 1000
109; 32717419; 1000
109; 22023777; 1000
109; 25849850; 1000
109; 42560715; 1000
109; 30996021; 1000
109; 32484321; 1000
109; 22526175; 1000
109; 31975042; 1000
109; 27429183; 1000
109; 34308954; 1000
109; 26180179; 1000
109; 34353952; 1000
109; 29809508; 1000
109; 20234415; 1000
109; 24972361; 1000
109; 27305500; 1000
109; 29165361; 1000
109; 29703641; 1000
109; 33144384; 1000
109; 21306522; 1000
109; 24502266; 1000
144; 36408287; 1000
144; 31819989; 1000
144; 36893376; 1000
144; 41119560; 1000
144; 44143602; 1000
144; 48571065; 1000
144; 46221265; 1000
144; 40055612; 1000
144; 42295784; 1000
144; 45718602; 1000
144; 33076654; 1000
144; 31796555; 1000
144; 36293340; 1000
144; 39552749; 1000
144; 38187662; 1000
144; 47485160; 1000
144; 34701267; 1000
144; 44925446; 1000
144; 41707313; 1000
144; 41824813; 1000
144; 41200401; 1000
144; 43269404; 1000
144; 47226525; 1000
144; 30651637; 1000
144; 39879255; 1000
144; 35693600; 1000
144; 44699360; 1000
144; 43787862; 1000
144; 47692800; 1000
144; 38760494; 1000
188; 58790072; 1000
188; 70824556; 1000
188; 76356619; 1000
188; 75759348; 1000
188; 67259288; 1000
188; 68167172; 1000
188; 60097008; 1000
188; 63992074; 1000
188; 71047486; 1000
188; 67492370; 1000
188; 54677210; 1000
188; 73763420; 1000
188; 66574704; 1000
188; 71827313; 1000
188; 71966473; 1000
188; 74437508; 1000
188; 79056884; 1000
188; 85998147; 1000
188; 81885613; 1000
188; 67670465; 1000
188; 85705352; 1000
188; 61428297; 1000
188; 65378767; 1000
188; 63973325; 1000
188; 75285108; 1000
188; 74144134; 1000
188; 77531892; 1000
188; 60866774; 1000
188; 78157842; 1000
188; 69722895; 1000
247; 101994313; 1000
247; 115286767; 1000
247; 105549504; 1000
247; 121366409; 1000
247; 146217920; 1000
247; 127446553; 1000
247; 131351456; 1000
247; 190984760; 1000
247; 125729484; 1000
247; 142407192; 1000
247; 122832977; 1000
247; 136220817; 1000
247; 114793619; 1000
247; 99920734; 1000
247; 122868310; 1000
247; 112179258; 1000
247; 117987140; 1000
247; 144550085; 1000
247; 127352260; 1000
247; 154483622; 1000
247; 99912334; 1000
247; 114094372; 1000
247; 89788183; 1000
247; 124617922; 1000
247; 126703814; 1000
247; 116151900; 1000
247; 112297215; 1000
247; 119943138; 1000
247; 142758181; 1000
247; 178410548; 1000
324; 218348008; 1000
324; 194894662; 1000
324; 221292539; 1000
324; 171821733; 1000
324; 200115317; 1000
324; 204975685; 1000
324; 249697736; 1000
324; 200799117; 1000
324; 235546597; 1000
324; 228426775; 1000
324; 163582476; 1000
324; 133159592; 1000
324; 176508387; 1000
324; 184145788; 1000
324; 196796748; 1000
324; 184822065; 1000
324; 246539638; 1000
324; 230185695; 1000
324; 223217090; 1000
324; 192757367; 1000
324; 193254335; 1000
324; 173426665; 1000
324; 183292624; 1000
324; 244055996; 1000
324; 188956422; 1000
324; 174787031; 1000
324; 177819426; 1000
324; 192345842; 1000
324; 238385016; 1000
324; 218789058; 1000
424; 320177340; 1000
424; 314337000; 1000
424; 357049380; 1000
424; 365500854; 1000
424; 392353199; 1000
424; 373732038; 1000
424; 283450898; 1000
424; 328826493; 1000
424; 416974419; 1000
424; 455119654; 1000
424; 358520854; 1000
424; 333480955; 1000
424; 367558778; 1000
424; 313654881; 1000
424; 394670595; 1000
424; 437894090; 1000
424; 429673049; 1000
424; 360759493; 1000
424; 356424297; 1000
424; 365054435; 1000
424; 319156463; 1000
424; 279985450; 1000
424; 338665733; 1000
424; 295908016; 1000
424; 329588686; 1000
424; 260120309; 1000
424; 277683187; 1000
424; 370378090; 1000
424; 365746985; 1000
424; 365027039; 1000
556; 526286050; 1000
556; 479337730; 1000
556; 508400964; 1000
556; 602084353; 1000
556; 725187771; 1000
556; 652486359; 1000
556; 675447000; 1000
556; 610576558; 1000
556; 596591650; 1000
556; 511059799; 1000
556; 804210867; 1000
556; 550078074; 1000
556; 676569546; 1000
556; 670023337; 1000
556; 660319006; 1000
556; 564438157; 1000
556; 548939371; 1000
556; 682085158; 1000
556; 424293098; 1000
556; 735403545; 1000
556; 577675834; 1000
556; 736138567; 1000
556; 531401778; 1000
556; 511984845; 1000
556; 600154486; 1000
556; 548530661; 1000
556; 595651695; 1000
556; 745621005; 1000
556; 755018297; 1000
556; 618685276; 1000
729; 933495563; 1000
729; 1010007757; 1000
729; 1144262198; 1000
729; 974494918; 1000
729; 1004732864; 1000
729; 1060094235; 1000
729; 891068691; 1000
729; 944983356; 1000
729; 1380301293; 1000
729; 1260345326; 1000
729; 977020109; 1000
729; 866871135; 1000
729; 1011557896; 1000
729; 1001059219; 1000
729; 1192125818; 1000
729; 1048932949; 1000
729; 1041096602; 1000
729; 1201433693; 1000
729; 878636954; 1000
729; 1067823570; 1000
729; 1154190307; 1000
729; 1070136856; 1000
729; 975752890; 1000
729; 1065956925; 1000
729; 1150069605; 1000
729; 1032032536; 1000
729; 1222223040; 1000
729; 1017358029; 1000
729; 1429757101; 1000
729; 1297404495; 1000
955; 1430604095; 1000
955; 1740860283; 1000
955; 2018047063; 1000
955; 1519810672; 1000
955; 1407752511; 1000
955; 1755259521; 1000
955; 1776866966; 1000
955; 1961962258; 1000
955; 2266332263; 1000
955; 2282053730; 1000
955; 1359933185; 1000
955; 1603134874; 1000
955; 1896857094; 1000
955; 1671989240; 1000
955; 1968981953; 1000
955; 2172254741; 1000
955; 1825640968; 1000
955; 1411156041; 1000
955; 2248760186; 1000
955; 1991763505; 1000
955; 2060377436; 1000
955; 1741827567; 1000
955; 1535015611; 1000
955; 1769204119; 1000
955; 1616161135; 1000
955; 1450725063; 1000
955; 1951478617; 1000
955; 1898849620; 1000
955; 1742861108; 1000
955; 1763220813; 1000
1251; 2573799203; 1000
1251; 2375090582; 1000
1251; 3397215703; 1000
1251; 2634013620; 1000
1251; 3008288649; 1000
1251; 2606396436; 1000
1251; 3565155227; 1000
1251; 3029844934; 1000
1251; 3484529332; 1000
1251; 3285769112; 1000
1251; 2642336412; 1000
1251; 2614763201; 1000
1251; 2796993336; 1000
1251; 3122083707; 1000
1251; 3460853569; 1000
1251; 2953047439; 1000
1251; 3354138268; 1000
1251; 2633690656; 1000
1251; 3593448269; 1000
1251; 3554377946; 1000
1251; 2619572336; 1000
1251; 2858375641; 1000
1251; 3050459450; 1000
1251; 2943004128; 1000
1251; 2968295124; 1000
1251; 2781334127; 1000
1251; 3066865940; 1000
1251; 3523253847; 1000
1251; 2713827732; 1000
1251; 2660129026; 1000
1640; 4747868320; 1000
1640; 5014552473; 1000
1640; 4778794482; 1000
1640; 6297318369; 1000
1640; 6205790609; 1000
1640; 5136678338; 1000
1640; 5863568471; 1000
1640; 4940302427; 1000
1640; 5797598536; 1000
1640; 6113396098; 1000
1640; 5071650846; 1000
1640; 5028679541; 1000
1640; 4445036189; 1000
1640; 4329525880; 1000
1640; 5537563288; 1000
1640; 5601468169; 1000
1640; 6038558982; 1000
1640; 5205717925; 1000
1640; 5060928466; 1000
1640; 5081650263; 1000
1640; 5427099320; 1000
1640; 5595331120; 1000
1640; 4213377469; 1000
1640; 5208007446; 1000
1640; 5885943662; 1000
1640; 4826632296; 1000
1640; 5689753326; 1000
1640; 5196050101; 1000
1640; 5015491175; 1000
1640; 5737414769; 1000
2149; 8827693878; 1000
2149; 7260061676; 1000
2149; 7853569218; 1000
2149; 7185443934; 1000
2149; 7137858815; 1000
2149; 7935679039; 1000
2149; 8734212633; 1000
2149; 8399688960; 1000
2149; 9648939331; 1000
2149; 8806361348; 1000
2149; 7645537422; 1000
2149; 8707126130; 1000
2149; 7693327797; 1000
2149; 7807809011; 1000
2149; 9774315106; 1000
2149; 9681034880; 1000
2149; 10058436171; 1000
2149; 8253923031; 1000
2149; 9417241420; 1000
2149; 9511061603; 1000
2149; 6985830105; 1000
2149; 7537989972; 1000
2149; 8079660770; 1000
2149; 7308452015; 1000
2149; 7656675226; 1000
2149; 7781477993; 1000
2149; 8544196971; 1000
2149; 8705493603; 1000
2149; 10105123420; 1000
2149; 9639043561; 1000
2817; 12101430627; 1000
2817; 13178346507; 1000
2817; 13663892536; 1000
2817; 15131080996; 1000
2817; 13431199477; 1000
2817; 13851393279; 1000
2817; 16619422277; 1000
2817; 15687175116; 1000
2817; 14831601646; 1000
2817; 13225551698; 1000
2817; 14380279209; 1000
2817; 12290179411; 1000
2817; 13181466522; 1000
2817; 13848794217; 1000
2817; 15446637848; 1000
2817; 14336997639; 1000
2817; 15530267376; 1000
2817; 15148878636; 1000
2817; 15117355474; 1000
2817; 15785171176; 1000
2817; 13616938070; 1000
2817; 14966446161; 1000
2817; 15390911622; 1000
2817; 14329868047; 1000
2817; 12272560004; 1000
2817; 15413467157; 1000
2817; 14858364055; 1000
2817; 13515040665; 1000
2817; 14139240466; 1000
2817; 15461700911; 1000
3691; 20225237053; 1000
3691; 23512398156; 1000
3691; 23487159329; 1000
3691; 22837284020; 1000
3691; 23722676365; 1000
3691; 23760455059; 1000
3691; 25225186390; 1000
3691; 25191925958; 1000
3691; 24196559450; 1000
3691; 25313250537; 1000
3691; 23373374119; 1000
3691; 19857363105; 1000
3691; 24370866217; 1000
3691; 22118274854; 1000
3691; 20122938842; 1000
3691; 24746544059; 1000
3691; 21145874002; 1000
3691; 23748063722; 1000
3691; 21766861051; 1000
3691; 30872363905; 1000
3691; 19436717439; 1000
3691; 22260914789; 1000
3691; 22325653449; 1000
3691; 20424383698; 1000
3691; 25177701246; 1000
3691; 26041824045; 1000
3691; 24529621600; 1000
3691; 26494526126; 1000
3691; 21084603047; 1000
3691; 26923215989; 1000
4837; 38073238784; 1000
4837; 34077060817; 1000
4837; 34125983609; 1000
4837; 33831535587; 1000
4837; 45887069067; 1000
4837; 37323794312; 1000
4837; 38099791453; 1000
4837; 32709007722; 1000
4837; 39258922073; 1000
4837; 37526007356; 1000
4837; 31818129750; 1000
4837; 36030085764; 1000
4837; 32282590308; 1000
4837; 34874296361; 1000
4837; 33556811154; 1000
4837; 36341384988; 1000
4837; 35597769660; 1000
4837; 40149334842; 1000
4837; 40232273182; 1000
4837; 40266100273; 1000
4837; 34610525816; 1000
4837; 32247500557; 1000
4837; 31489147006; 1000
4837; 35667780128; 1000
4837; 37088031979; 1000
4837; 39510352551; 1000
4837; 41788412767; 1000
4837; 39661297971; 1000
4837; 37167056856; 1000
4837; 39809467790; 1000
6338; 52107612650; 1000
6338; 53103642223; 1000
6338; 58586110630; 1000
6338; 61626428167; 1000
6338; 59538466460; 1000
6338; 58795410130; 1000
6338; 64969484812; 1000
6338; 56411043191; 1000
6338; 59452188233; 1000
6338; 67383177359; 1000
6338; 66166490587; 1000
6338; 69682924297; 1000
6338; 69876424627; 1000
6338; 72940899588; 1000
6338; 53981258914; 1000
6338; 59977401131; 1000
6338; 66771414872; 1000
6338; 62752461177; 1000
6338; 66664627784; 1000
6338; 76291697765; 1000
6338; 65544447076; 1000
6338; 65907887959; 1000
6338; 52082336408; 1000
6338; 64717534214; 1000
6338; 77703979928; 1000
6338; 61884802797; 1000
6338; 65717627851; 1000
6338; 64644936245; 1000
6338; 71953389323; 1000
6338; 71660295079; 1000
8306; 90926650641; 1000
8306; 104098140297; 1000
8306; 95778874154; 1000
8306; 98667929690; 1000
8306; 121652831815; 1000
8306; 114236821713; 1000
8306; 117824387886; 1000
8306; 118334953978; 1000
8306; 96603924316; 1000
8306; 120437704350; 1000
8306; 92933805201; 1000
8306; 93444419530; 1000
8306; 104567426215; 1000
8306; 98522152296; 1000
8306; 101461308301; 1000
8306; 86163440122; 1000
8306; 112436650686; 1000
8306; 86663664678; 1000
8306; 106929463461; 1000
8306; 103897825837; 1000
8306; 92648231902; 1000
8306; 98882277815; 1000
8306; 94333895711; 1000
8306; 94224595227; 1000
8306; 100754824104; 1000
8306; 110976556896; 1000
8306; 125386486462; 1000
8306; 87372407620; 1000
8306; 120287966213; 1000
8306; 103819148105; 1000
10884; 141756818575; 1000
10884; 150306931132; 1000
10884; 177573853704; 1000
10884; 167789908354; 1000
10884; 160629647155; 1000
10884; 186903440122; 1000
10884; 164387112609; 1000
10884; 171591311738; 1000
10884; 168603494704; 1000
10884; 176830738326; 1000
10884; 165459294836; 1000
10884; 164023464051; 1000
10884; 157302126429; 1000
10884; 160664185474; 1000
10884; 157872574634; 1000
10884; 180628129503; 1000
10884; 173652087304; 1000
10884; 177106241640; 1000
10884; 175866041601; 1000
10884; 180595494355; 1000
10884; 173590435105; 1000
10884; 162488027894; 1000
10884; 167047785584; 1000
10884; 161858616954; 1000
10884; 163268720595; 1000
10884; 169515347263; 1000
10884; 159576503996; 1000
10884; 172227080196; 1000
10884; 165785333346; 1000
10884; 171679885685; 1000
14263; 265033399533; 1000
14263; 277282928561; 1000
14263; 254499174337; 1000
14263; 271735317347; 1000
14263; 280872899879; 1000
14263; 292490583959; 1000
14263; 284707538235; 1000
14263; 285669527676; 1000
14263; 288094396766; 1000
14263; 279647150102; 1000
14263; 254205311450; 1000
14263; 258159265885; 1000
14263; 255163412808; 1000
14263; 283195872788; 1000
14263; 264594329969; 1000
14263; 263260893916; 1000
14263; 261975176019; 1000
14263; 298727191307; 1000
14263; 281470149266; 1000
14263; 295616934510; 1000
14263; 277226880423; 1000
14263; 274184854343; 1000
14263; 262742335207; 1000
14263; 264931286523; 1000
14263; 256964162750; 1000
14263; 261020409401; 1000
14263; 273072066557; 1000
14263; 286558541146; 1000
14263; 284087923797; 1000
14263; 297610327951; 1000
18690; 455348800279; 1000
18690; 440492266175; 1000
18690; 402927218741; 1000
18690; 456192456665; 1000
18690; 488621526724; 1000
18690; 466802292659; 1000
18690; 463887548699; 1000
18690; 492117824414; 1000
18690; 466380762508; 1000
18690; 502854319222; 1000
18690; 450096459762; 1000
18690; 480893428201; 1000
18690; 448761709198; 1000
18690; 526198924365; 1000
18690; 457364555722; 1000
18690; 461720263158; 1000
18690; 467889696610; 1000
18690; 464300650635; 1000
18690; 466570747536; 1000
18690; 495486908683; 1000
18690; 445493210601; 1000
18690; 431395647788; 1000
18690; 462729100965; 1000
18690; 470614546584; 1000
18690; 468845127677; 1000
18690; 464929445096; 1000
18690; 461978324886; 1000
18690; 465066488396; 1000
18690; 470817919620; 1000
18690; 462581245408; 1000
24491; 732958086513; 1000
24491; 749770212078; 1000
24491; 708688677309; 1000
24491; 786330780762; 1000
24491; 799586686879; 1000
24491; 736693906501; 1000
24491; 867101074824; 1000
24491; 765289457801; 1000
24491; 812456381300; 1000
24491; 783105294474; 1000
24491; 733295907647; 1000
24491; 782028752633; 1000
24491; 802228407894; 1000
24491; 722105986893; 1000
24491; 806447284068; 1000
24491; 727801122834; 1000
24491; 820861441834; 1000
24491; 761415217148; 1000
24491; 794429554075; 1000
24491; 845629855426; 1000
24491; 730845010332; 1000
24491; 762113280485; 1000
24491; 792283735992; 1000
24491; 748171754875; 1000
24491; 766233144690; 1000
24491; 823917207545; 1000
24491; 799688563166; 1000
24491; 761144909128; 1000
24491; 746437559170; 1000
24491; 821898361128; 1000
32093; 1341658810223; 1000
32093; 1251957633409; 1000
32093; 1431842809134; 1000
32093; 1382195644458; 1000
32093; 1421361133979; 1000
32093; 1414189009642; 1000
32093; 1458617578326; 1000
32093; 1548913664148; 1000
32093; 1352865528758; 1000
32093; 1375862252974; 1000
32093; 1414785424693; 1000
32093; 1409407489805; 1000
32093; 1453239211587; 1000
32093; 1434581588262; 1000
32093; 1483029466912; 1000
32093; 1454650146644; 1000
32093; 1805668117333; 1000
32093; 1546748064221; 1000
32093; 1553948431380; 1000
32093; 1987144172329; 1000
32093; 1256365882222; 1000
32093; 1291995965660; 1000
32093; 1372169851199; 1000
32093; 1299289515979; 1000
32093; 1430667638670; 1000
32093; 1281588623572; 1000
32093; 1395617158714; 1000
32093; 1412950710524; 1000
32093; 1419231095320; 1000
32093; 1367813530696; 1000
83; 15143204; 500
64; 8923197; 500
64; 10994550; 500
83; 14009260; 500
83; 16455587; 500
64; 11943108; 500
83; 18494036; 500
64; 10505320; 500
64; 10798101; 500
64; 8680640; 500
83; 13747854; 500
83; 15114969; 500
64; 17750370; 500
83; 15856155; 500
64; 10883870; 500
64; 11408782; 500
64; 10526942; 500
83; 13942343; 500
64; 16112124; 500
83; 16073201; 500
64; 11884088; 500
83; 12110631; 500
64; 13743291; 500
83; 14936591; 500
83; 14339691; 500
64; 12390524; 500
64; 10128961; 500
64; 9167872; 500
83; 16837928; 500
83; 22665399; 500
64; 11138513; 500
83; 17882980; 500
64; 16119557; 500
64; 5304166; 500
83; 22945350; 500
83; 22755074; 500
83; 20484473; 500
64; 11172608; 500
64; 9670835; 500
64; 12670831; 500
83; 22903214; 500
83; 22562733; 500
64; 21007971; 500
64; 11557488; 500
83; 14567073; 500
64; 10271100; 500
83; 14940077; 500
64; 17950450; 500
64; 13490206; 500
83; 14347846; 500
83; 13509435; 500
64; 11332221; 500
64; 13320453; 500
64; 10436224; 500
83; 14726589; 500
83; 24162684; 500
83; 20938197; 500
83; 21359622; 500
83; 21429695; 500
83; 21665856; 500
109; 25698868; 500
109; 26307857; 500
109; 25125232; 500
109; 26800088; 500
109; 20814402; 500
109; 30575819; 500
109; 30411057; 500
109; 29283694; 500
109; 17913218; 500
109; 23150641; 500
109; 33010151; 500
109; 23600307; 500
109; 26492693; 500
109; 32017921; 500
109; 31358751; 500
109; 43390087; 500
109; 26544181; 500
109; 30812248; 500
109; 28547089; 500
109; 28038645; 500
109; 25248125; 500
109; 27373009; 500
109; 27553861; 500
109; 24706543; 500
109; 24453408; 500
109; 27121904; 500
109; 25472821; 500
109; 24805616; 500
109; 21094750; 500
109; 34098566; 500
144; 36962078; 500
144; 32986573; 500
144; 40230425; 500
144; 37819166; 500
144; 48744465; 500
144; 42944176; 500
144; 37219611; 500
144; 39886406; 500
144; 45478864; 500
144; 51449704; 500
144; 34872534; 500
144; 41866682; 500
144; 36940961; 500
144; 35022338; 500
144; 45806299; 500
144; 33614870; 500
144; 38047491; 500
144; 46802092; 500
144; 34423335; 500
144; 42348600; 500
144; 39746886; 500
144; 34140283; 500
144; 43186260; 500
144; 45993059; 500
144; 36361854; 500
144; 38436804; 500
144; 35443546; 500
144; 46939085; 500
144; 41845905; 500
144; 38847418; 500
188; 63323681; 500
188; 59780947; 500
188; 55081836; 500
188; 75121994; 500
188; 70326001; 500
188; 61285319; 500
188; 83579030; 500
188; 82350226; 500
188; 66081118; 500
188; 64529388; 500
188; 54231788; 500
188; 59482951; 500
188; 65992154; 500
188; 69741671; 500
188; 73397067; 500
188; 74824138; 500
188; 84004885; 500
188; 73643170; 500
188; 81865599; 500
188; 94737160; 500
188; 73211629; 500
188; 71210166; 500
188; 64341632; 500
188; 64367410; 500
188; 64634522; 500
188; 76780510; 500
188; 74041100; 500
188; 77223579; 500
188; 79449900; 500
188; 63960263; 500
247; 115395705; 500
247; 97150151; 500
247; 134997926; 500
247; 116946144; 500
247; 103082880; 500
247; 118432513; 500
247; 101985514; 500
247; 130708489; 500
247; 140445653; 500
247; 198708120; 500
247; 116909690; 500
247; 122414903; 500
247; 100542176; 500
247; 117024524; 500
247; 125801739; 500
247; 122098070; 500
247; 132088146; 500
247; 164637005; 500
247; 120674400; 500
247; 139474516; 500
247; 98025705; 500
247; 111160863; 500
247; 97532390; 500
247; 108747885; 500
247; 110943604; 500
247; 123767138; 500
247; 98362452; 500
247; 122441988; 500
247; 110339490; 500
247; 175022990; 500
324; 206516189; 500
324; 194648534; 500
324; 190411207; 500
324; 172366855; 500
324; 214854793; 500
324; 241177712; 500
324; 200625170; 500
324; 228348000; 500
324; 240705875; 500
324; 171659153; 500
324; 162259460; 500
324; 180311137; 500
324; 141895331; 500
324; 189037225; 500
324; 188863796; 500
324; 193234662; 500
324; 198337097; 500
324; 190267002; 500
324; 231607695; 500
324; 240457211; 500
324; 192684046; 500
324; 158756287; 500
324; 181356705; 500
324; 208418887; 500
324; 239405092; 500
324; 149149725; 500
324; 181524710; 500
324; 159264595; 500
324; 209789123; 500
324; 255264216; 500
424; 280805085; 500
424; 314019304; 500
424; 340711682; 500
424; 309010020; 500
424; 250168964; 500
424; 374413964; 500
424; 401521031; 500
424; 367694682; 500
424; 384495692; 500
424; 311327109; 500
424; 300789771; 500
424; 326450540; 500
424; 359199845; 500
424; 287632839; 500
424; 349862196; 500
424; 395378622; 500
424; 285198109; 500
424; 240884060; 500
424; 373941762; 500
424; 352188087; 500
424; 351907088; 500
424; 276040796; 500
424; 302415156; 500
424; 314370288; 500
424; 271293318; 500
424; 265335250; 500
424; 252198977; 500
424; 321975173; 500
424; 335143587; 500
424; 338867605; 500
556; 536949979; 500
556; 490470358; 500
556; 431719761; 500
556; 473465650; 500
556; 503070797; 500
556; 543995478; 500
556; 524674650; 500
556; 532167900; 500
556; 479492250; 500
556; 633433630; 500
556; 486437106; 500
556; 497514905; 500
556; 561118491; 500
556; 416860723; 500
556; 547029057; 500
556; 480707462; 500
556; 478248582; 500
556; 564679056; 500
556; 518191530; 500
556; 408209628; 500
556; 498858161; 500
556; 431320737; 500
556; 461420983; 500
556; 629520562; 500
556; 467670303; 500
556; 452875882; 500
556; 487804334; 500
556; 607795163; 500
556; 624851260; 500
556; 521087419; 500
729; 802818399; 500
729; 852431648; 500
729; 668050716; 500
729; 854174611; 500
729; 890532236; 500
729; 921284398; 500
729; 723234832; 500
729; 798434309; 500
729; 982736954; 500
729; 916932756; 500
729; 844179508; 500
729; 780790428; 500
729; 729895004; 500
729; 747478579; 500
729; 901463694; 500
729; 738134869; 500
729; 837388993; 500
729; 882004770; 500
729; 969034680; 500
729; 954692839; 500
729; 902479383; 500
729; 820317422; 500
729; 908440273; 500
729; 844847694; 500
729; 979286075; 500
729; 1053470604; 500
729; 860873705; 500
729; 894582793; 500
729; 1064842868; 500
729; 1085596253; 500
955; 1272727173; 500
955; 1349446841; 500
955; 1312516515; 500
955; 1506522385; 500
955; 1388392122; 500
955; 1291368329; 500
955; 1613597951; 500
955; 1319692570; 500
955; 1657401540; 500
955; 1750203342; 500
955; 1216969715; 500
955; 1323072417; 500
955; 1306314630; 500
955; 1420254673; 500
955; 1355239647; 500
955; 1357176662; 500
955; 1616143873; 500
955; 1830459336; 500
955; 1466311786; 500
955; 1737539914; 500
955; 1294375447; 500
955; 1314517216; 500
955; 1345564407; 500
955; 1419825984; 500
955; 1368354790; 500
955; 1477162711; 500
955; 1207158421; 500
955; 1476043077; 500
955; 1234062648; 500
955; 1408445547; 500
1251; 2457775785; 500
1251; 2046791625; 500
1251; 1941580104; 500
1251; 2518025394; 500
1251; 1866578910; 500
1251; 2370646670; 500
1251; 2410550655; 500
1251; 2479462067; 500
1251; 2733885971; 500
1251; 3023268128; 500
1251; 2131711769; 500
1251; 2200389102; 500
1251; 2295828465; 500
1251; 2239804235; 500
1251; 2545188852; 500
1251; 2574854381; 500
1251; 2567847654; 500
1251; 2081683254; 500
1251; 2223924554; 500
1251; 2613424571; 500
1251; 2380059531; 500
1251; 2220367494; 500
1251; 2441517110; 500
1251; 2205286770; 500
1251; 2532958975; 500
1251; 2340763827; 500
1251; 2013792318; 500
1251; 2083336807; 500
1251; 2644291933; 500
1251; 2153940168; 500
1640; 4059050961; 500
1640; 4057729286; 500
1640; 4464497704; 500
1640; 4078804153; 500
1640; 4189295638; 500
1640; 4204665658; 500
1640; 4668375459; 500
1640; 4286716475; 500
1640; 4923147870; 500
1640; 3961925402; 500
1640; 3783584052; 500
1640; 3675227465; 500
1640; 3781099928; 500
1640; 3369907427; 500
1640; 3836765157; 500
1640; 4089865736; 500
1640; 3367928243; 500
1640; 3922128496; 500
1640; 4467072207; 500
1640; 3651971395; 500
1640; 4125761446; 500
1640; 3832642189; 500
1640; 3965858395; 500
1640; 3997667086; 500
1640; 4009231046; 500
1640; 3600704352; 500
1640; 3747690514; 500
1640; 3731137629; 500
1640; 4245166909; 500
1640; 4232392310; 500
2149; 5001755832; 500
2149; 5757747541; 500
2149; 5991545668; 500
2149; 6513025215; 500
2149; 5930559765; 500
2149; 6402722770; 500
2149; 6535549696; 500
2149; 6433290830; 500
2149; 5970043843; 500
2149; 6898536023; 500
2149; 5635754408; 500
2149; 5274404894; 500
2149; 5673486707; 500
2149; 5922659744; 500
2149; 6258282964; 500
2149; 6115462643; 500
2149; 6778407127; 500
2149; 6369542829; 500
2149; 6997022138; 500
2149; 7868440348; 500
2149; 5788681429; 500
2149; 5685077344; 500
2149; 6209151654; 500
2149; 6565151367; 500
2149; 6634023100; 500
2149; 6234242623; 500
2149; 7154807459; 500
2149; 7708577755; 500
2149; 6764149231; 500
2149; 7527451177; 500
2817; 9046170716; 500
2817; 9632757641; 500
2817; 9649735426; 500
2817; 9605605990; 500
2817; 9323976581; 500
2817; 10519947603; 500
2817; 10052256138; 500
2817; 10921803749; 500
2817; 10765771960; 500
2817; 10196082185; 500
2817; 8511022642; 500
2817; 10066205270; 500
2817; 9710933436; 500
2817; 10453804673; 500
2817; 10563652983; 500
2817; 10487025669; 500
2817; 11271623883; 500
2817; 9987629066; 500
2817; 10402409224; 500
2817; 9738142274; 500
2817; 9676579316; 500
2817; 11931654392; 500
2817; 10568311979; 500
2817; 9990052704; 500
2817; 9264706150; 500
2817; 10736231095; 500
2817; 11806123100; 500
2817; 9845364025; 500
2817; 11113965893; 500
2817; 10060091255; 500
3691; 16135710119; 500
3691; 16745650397; 500
3691; 17448088272; 500
3691; 15003505431; 500
3691; 17285647675; 500
3691; 16358905896; 500
3691; 18148770050; 500
3691; 18341300870; 500
3691; 17418648999; 500
3691; 17621752550; 500
3691; 14930986936; 500
3691; 18257470358; 500
3691; 15759225316; 500
3691; 15818163566; 500
3691; 17800964406; 500
3691; 18532748872; 500
3691; 16197085530; 500
3691; 17845590214; 500
3691; 18576399678; 500
3691; 19013416277; 500
3691; 16699770239; 500
3691; 17108476428; 500
3691; 19380726149; 500
3691; 20677356199; 500
3691; 17404837181; 500
3691; 19324031381; 500
3691; 18049292522; 500
3691; 18852825138; 500
3691; 16266906399; 500
3691; 20463708883; 500
4837; 27485697381; 500
4837; 25360216184; 500
4837; 29540624092; 500
4837; 28385600329; 500
4837; 28032489599; 500
4837; 26482111619; 500
4837; 24801502483; 500
4837; 28874467133; 500
4837; 31406542641; 500
4837; 28857352710; 500
4837; 28749468687; 500
4837; 25144305521; 500
4837; 26213905241; 500
4837; 26677439024; 500
4837; 29027082508; 500
4837; 30148758151; 500
4837; 26747075393; 500
4837; 27575366528; 500
4837; 26598583113; 500
4837; 29046542488; 500
4837; 27574827258; 500
4837; 24789776260; 500
4837; 24662574932; 500
4837; 27835938275; 500
4837; 26440205247; 500
4837; 26850408965; 500
4837; 26207613077; 500
4837; 27889420246; 500
4837; 27266979422; 500
4837; 29853894269; 500
6338; 44770078967; 500
6338; 48520796571; 500
6338; 48696969936; 500
6338; 44648481669; 500
6338; 45645287847; 500
6338; 43705235077; 500
6338; 45666283524; 500
6338; 46066632609; 500
6338; 42911412155; 500
6338; 43378405952; 500
6338; 39468503949; 500
6338; 43596574528; 500
6338; 44646670130; 500
6338; 43274733050; 500
6338; 45815881166; 500
6338; 46868179320; 500
6338; 43879388849; 500
6338; 44827424594; 500
6338; 45739060788; 500
6338; 46451678271; 500
6338; 38662002369; 500
6338; 42510566255; 500
6338; 40956351448; 500
6338; 42006308652; 500
6338; 45415619724; 500
6338; 46160201069; 500
6338; 50047872176; 500
6338; 44388335688; 500
6338; 45196635702; 500
6338; 51138561834; 500
8306; 72759318977; 500
8306; 73149077682; 500
8306; 65166868912; 500
8306; 79766100557; 500
8306; 74900535043; 500
8306; 68649850974; 500
8306; 70550676652; 500
8306; 67956859423; 500
8306; 74191021569; 500
8306; 73815951536; 500
8306; 64968704790; 500
8306; 73906393186; 500
8306; 71455900425; 500
8306; 68224715579; 500
8306; 71773184034; 500
8306; 73537395946; 500
8306; 70453470463; 500
8306; 83402905213; 500
8306; 77723092321; 500
8306; 80862379704; 500
8306; 70144717371; 500
8306; 72907070534; 500
8306; 68051987743; 500
8306; 69543795917; 500
8306; 68629824101; 500
8306; 84865264511; 500
8306; 72314296051; 500
8306; 78640629147; 500
8306; 88539706497; 500
8306; 80469695179; 500
10884; 125092901085; 500
10884; 114940537211; 500
10884; 122714530061; 500
10884; 127232887860; 500
10884; 113899984801; 500
10884; 117630523394; 500
10884; 135503875568; 500
10884; 129759328582; 500
10884; 127080270337; 500
10884; 128711549664; 500
10884; 123373831709; 500
10884; 124506723784; 500
10884; 121592447762; 500
10884; 116750656307; 500
10884; 124541937664; 500
10884; 141854550207; 500
10884; 117480020154; 500
10884; 124421070258; 500
10884; 124747400899; 500
10884; 119171285293; 500
10884; 115429903056; 500
10884; 126307112395; 500
10884; 126347817435; 500
10884; 122946508560; 500
10884; 126560429298; 500
10884; 130407472920; 500
10884; 127135971665; 500
10884; 132928577918; 500
10884; 129751016329; 500
10884; 130773817015; 500
14263; 206920974556; 500
14263; 208685627535; 500
14263; 218137401952; 500
14263; 211203181015; 500
14263; 200066855432; 500
14263; 222830585652; 500
14263; 202476772693; 500
14263; 206036901722; 500
14263; 214079966082; 500
14263; 239167171127; 500
14263; 205057435056; 500
14263; 210330516529; 500
14263; 206787216767; 500
14263; 197739626979; 500
14263; 210579559922; 500
14263; 220116144686; 500
14263; 200354307028; 500
14263; 205935346073; 500
14263; 220977846348; 500
14263; 225158101982; 500
14263; 209704674052; 500
14263; 207130418710; 500
14263; 209519526653; 500
14263; 205150857295; 500
14263; 221595932105; 500
14263; 205279956116; 500
14263; 208675043357; 500
14263; 216512930190; 500
14263; 225988107688; 500
14263; 220593972335; 500
18690; 336094942966; 500
18690; 363646134686; 500
18690; 360264111191; 500
18690; 368656176888; 500
18690; 345126871023; 500
18690; 349937554090; 500
18690; 376889188643; 500
18690; 332698869527; 500
18690; 383374080621; 500
18690; 385037151934; 500
18690; 356022362269; 500
18690; 338699319291; 500
18690; 370322850391; 500
18690; 383928649697; 500
18690; 373285739147; 500
18690; 353449334985; 500
18690; 393015541816; 500
18690; 360181365667; 500
18690; 339760519852; 500
18690; 375025414987; 500
18690; 354275045183; 500
18690; 349418416371; 500
18690; 325206830504; 500
18690; 355619692575; 500
18690; 336834675672; 500
18690; 356615968716; 500
18690; 351443076370; 500
18690; 377464139372; 500
18690; 358879709797; 500
18690; 343625161089; 500
24491; 561740314068; 500
24491; 622900578813; 500
24491; 622628649250; 500
24491; 568083130813; 500
24491; 584602345801; 500
24491; 608401712411; 500
24491; 579089201342; 500
24491; 645704825489; 500
24491; 651928635360; 500
24491; 643777212944; 500
24491; 554385900447; 500
24491; 574921393602; 500
24491; 575905536496; 500
24491; 607264141008; 500
24491; 614750084233; 500
24491; 602551091300; 500
24491; 598544891231; 500
24491; 596100538332; 500
24491; 632658801043; 500
24491; 616444769262; 500
24491; 572441585717; 500
24491; 577111360364; 500
24491; 554802431201; 500
24491; 589700946542; 500
24491; 621411556574; 500
24491; 590613209686; 500
24491; 585666308990; 500
24491; 618576367586; 500
24491; 612019753117; 500
24491; 598005923633; 500
32093; 981328906858; 500
32093; 1011346184640; 500
32093; 982409548694; 500
32093; 1137841530256; 500
32093; 1112096748312; 500
32093; 1152231561388; 500
32093; 1029039345997; 500
32093; 1151953518297; 500
32093; 1077840981085; 500
32093; 1125233167893; 500
32093; 928080110452; 500
32093; 978732548845; 500
32093; 1021412143791; 500
32093; 1035699035973; 500
32093; 996076295813; 500
32093; 1000301266442; 500
32093; 1008834859623; 500
32093; 1104382284049; 500
32093; 1091167609709; 500
32093; 1080955273197; 500
32093; 973822852913; 500
32093; 1007874274783; 500
32093; 996186989423; 500
32093; 952110234856; 500
32093; 935162851652; 500
32093; 974213718663; 500
32093; 983405674017; 500
32093; 1005304784180; 500
32093; 1048838678582; 500
32093; 1087135962368; 500
64; 9029777; 100
83; 14597978; 100
64; 12123789; 100
83; 13554269; 100
83; 13935970; 100
64; 10179113; 100
64; 9556241; 100
83; 13732049; 100
64; 12198512; 100
83; 23075304; 100
64; 10684725; 100
83; 17266265; 100
64; 11295062; 100
64; 11829847; 100
64; 11426664; 100
83; 14630367; 100
64; 17666031; 100
83; 20812168; 100
83; 14733000; 100
64; 19562696; 100
64; 11401010; 100
83; 15075728; 100
64; 19495267; 100
83; 18477873; 100
83; 13888785; 100
64; 10742309; 100
64; 11521110; 100
83; 13910181; 100
64; 9641647; 100
83; 15558657; 100
83; 13655042; 100
83; 17123065; 100
64; 11585585; 100
64; 6473877; 100
83; 23647805; 100
64; 16302413; 100
83; 18043498; 100
83; 15920251; 100
64; 16493271; 100
64; 14850851; 100
64; 12238240; 100
83; 18926441; 100
83; 15965440; 100
83; 15354097; 100
83; 13923668; 100
64; 12206204; 100
64; 18625301; 100
64; 12216978; 100
83; 20439283; 100
83; 13233509; 100
64; 17602801; 100
64; 17172604; 100
64; 11969027; 100
83; 15451648; 100
83; 17971007; 100
64; 9656690; 100
64; 10743973; 100
83; 21527074; 100
83; 17885826; 100
109; 13340980; 100
83; 20765443; 100
109; 21254093; 100
109; 21438021; 100
109; 23300932; 100
109; 23779389; 100
109; 23324896; 100
109; 23408416; 100
109; 23432750; 100
109; 22875962; 100
109; 22454053; 100
109; 21099874; 100
109; 20001488; 100
109; 23177569; 100
109; 24629492; 100
109; 29551739; 100
109; 23446328; 100
109; 22348302; 100
109; 27446053; 100
109; 18451388; 100
109; 20769532; 100
109; 21294213; 100
109; 26896133; 100
109; 22512598; 100
109; 21146968; 100
109; 25489242; 100
109; 22677167; 100
109; 27202862; 100
109; 20216930; 100
109; 21768510; 100
109; 24338739; 100
144; 29740693; 100
144; 29308145; 100
144; 31318778; 100
144; 32323221; 100
144; 37875151; 100
144; 36511072; 100
144; 37559375; 100
144; 37248680; 100
144; 34898269; 100
144; 27411685; 100
144; 32227349; 100
144; 32112422; 100
144; 43930084; 100
144; 27723771; 100
144; 43239178; 100
144; 39376721; 100
144; 32888750; 100
144; 30417948; 100
144; 34547445; 100
144; 38119757; 100
144; 34946536; 100
144; 37725808; 100
144; 32673391; 100
144; 41773964; 100
144; 27292307; 100
144; 32008312; 100
144; 33757135; 100
144; 33675825; 100
144; 28784531; 100
144; 40688279; 100
188; 49134624; 100
188; 47110612; 100
188; 57122407; 100
188; 56268001; 100
188; 55248814; 100
188; 46876755; 100
188; 61021581; 100
188; 42094482; 100
188; 52674714; 100
188; 53557051; 100
188; 46356348; 100
188; 48804555; 100
188; 46484348; 100
188; 51136832; 100
188; 59986674; 100
188; 53919653; 100
188; 56117646; 100
188; 63007849; 100
188; 54786165; 100
188; 54278384; 100
188; 43495174; 100
188; 59022638; 100
188; 53813751; 100
188; 53275831; 100
188; 55548210; 100
188; 67547178; 100
188; 64998470; 100
188; 67132044; 100
188; 56779759; 100
188; 58902407; 100
247; 91700215; 100
247; 77839874; 100
247; 103130714; 100
247; 96734263; 100
247; 85777765; 100
247; 83543296; 100
247; 76545552; 100
247; 88623490; 100
247; 77798047; 100
247; 98033625; 100
247; 74259300; 100
247; 75461341; 100
247; 61727210; 100
247; 75980137; 100
247; 84480504; 100
247; 78061871; 100
247; 94456327; 100
247; 81171510; 100
247; 90407438; 100
247; 89562747; 100
247; 71057925; 100
247; 84846599; 100
247; 77830341; 100
247; 70254078; 100
247; 71113966; 100
247; 77554188; 100
247; 88182307; 100
247; 85974754; 100
247; 83857997; 100
247; 84944845; 100
324; 111863406; 100
324; 133927946; 100
324; 112564745; 100
324; 125876383; 100
324; 140139324; 100
324; 109454662; 100
324; 120403921; 100
324; 158956255; 100
324; 130184316; 100
324; 125074005; 100
324; 91422752; 100
324; 97413928; 100
324; 96530761; 100
324; 112801637; 100
324; 123657060; 100
324; 131952819; 100
324; 123855012; 100
324; 117994835; 100
324; 146763173; 100
324; 130637768; 100
324; 133058682; 100
324; 99847988; 100
324; 114119195; 100
324; 119208509; 100
324; 150981980; 100
324; 98185152; 100
324; 120130430; 100
324; 142712344; 100
324; 146842933; 100
324; 142738376; 100
424; 184187374; 100
424; 186397465; 100
424; 197893603; 100
424; 167676864; 100
424; 191859479; 100
424; 196660987; 100
424; 214205920; 100
424; 176193614; 100
424; 178968995; 100
424; 186810593; 100
424; 167261403; 100
424; 181927198; 100
424; 174846820; 100
424; 186929530; 100
424; 198665004; 100
424; 148024492; 100
424; 184677000; 100
424; 170059176; 100
424; 212248683; 100
424; 188435193; 100
424; 170314983; 100
424; 185225235; 100
424; 163897260; 100
424; 157477824; 100
424; 155695485; 100
424; 201560712; 100
424; 153936380; 100
424; 153027690; 100
424; 156650368; 100
424; 180284806; 100
556; 243786284; 100
556; 253123985; 100
556; 237289251; 100
556; 287147955; 100
556; 278847497; 100
556; 291120258; 100
556; 251372373; 100
556; 290610218; 100
556; 265608721; 100
556; 311581201; 100
556; 240755708; 100
556; 269360285; 100
556; 259281747; 100
556; 255619449; 100
556; 264688097; 100
556; 243855718; 100
556; 246960993; 100
556; 276394894; 100
556; 286102387; 100
556; 240936854; 100
556; 282061214; 100
556; 237188688; 100
556; 251854786; 100
556; 271921992; 100
556; 289897519; 100
556; 304359762; 100
556; 312524822; 100
556; 261320590; 100
556; 271396803; 100
556; 268840414; 100
729; 416714051; 100
729; 426231952; 100
729; 445038544; 100
729; 427088722; 100
729; 408030619; 100
729; 426254967; 100
729; 419951532; 100
729; 392728690; 100
729; 417493077; 100
729; 440173760; 100
729; 322505433; 100
729; 379289564; 100
729; 373230983; 100
729; 400966526; 100
729; 433933835; 100
729; 420541704; 100
729; 484833864; 100
729; 453329812; 100
729; 458876432; 100
729; 491463244; 100
729; 365909419; 100
729; 352617018; 100
729; 445345975; 100
729; 424886442; 100
729; 461366495; 100
729; 388176816; 100
729; 416047966; 100
729; 448826817; 100
729; 537957726; 100
729; 438985701; 100
955; 652111257; 100
955; 657969699; 100
955; 642945375; 100
955; 674379845; 100
955; 676746756; 100
955; 642800010; 100
955; 665456539; 100
955; 648572318; 100
955; 762743041; 100
955; 835679980; 100
955; 612165318; 100
955; 653312794; 100
955; 706335837; 100
955; 622451956; 100
955; 652813521; 100
955; 750885635; 100
955; 603902520; 100
955; 759690045; 100
955; 705845706; 100
955; 698162032; 100
955; 566834178; 100
955; 684921423; 100
955; 717091221; 100
955; 733100791; 100
955; 695989817; 100
955; 665863657; 100
955; 706012633; 100
955; 718252424; 100
955; 648557033; 100
955; 642038083; 100
1251; 985009838; 100
1251; 995152591; 100
1251; 1242700784; 100
1251; 1082085903; 100
1251; 1042925877; 100
1251; 1109726801; 100
1251; 1128024638; 100
1251; 1260931417; 100
1251; 1165609828; 100
1251; 1231813931; 100
1251; 938150618; 100
1251; 987180376; 100
1251; 1044089787; 100
1251; 1132222296; 100
1251; 1192420989; 100
1251; 1143780410; 100
1251; 1108186377; 100
1251; 1243256814; 100
1251; 1005440561; 100
1251; 966744006; 100
1251; 1121922989; 100
1251; 996279018; 100
1251; 1075524372; 100
1251; 1172758382; 100
1251; 1034655125; 100
1251; 1044848326; 100
1251; 1114567702; 100
1251; 1165045578; 100
1251; 1190389279; 100
1251; 990537735; 100
1640; 1713737503; 100
1640; 1558988740; 100
1640; 1950289101; 100
1640; 1926910091; 100
1640; 1848521658; 100
1640; 1866576530; 100
1640; 1770822238; 100
1640; 1827406113; 100
1640; 1943684007; 100
1640; 2123335203; 100
1640; 1828860217; 100
1640; 1870983006; 100
1640; 1821772497; 100
1640; 1753934571; 100
1640; 1892754651; 100
1640; 1622425328; 100
1640; 1638562918; 100
1640; 1783956014; 100
1640; 1702926919; 100
1640; 1630507207; 100
1640; 1950136185; 100
1640; 1796125067; 100
1640; 1863481390; 100
1640; 1588886023; 100
1640; 1782265171; 100
1640; 1668181614; 100
1640; 1802986353; 100
1640; 1868109434; 100
1640; 1812402271; 100
1640; 1791568225; 100
2149; 3082116912; 100
2149; 2844898618; 100
2149; 2785465893; 100
2149; 2890161243; 100
2149; 3031582630; 100
2149; 2764319947; 100
2149; 3125563028; 100
2149; 3055524211; 100
2149; 3071324057; 100
2149; 2882760238; 100
2149; 3036802464; 100
2149; 3070563843; 100
2149; 2844550808; 100
2149; 2817030916; 100
2149; 2710350464; 100
2149; 2746734403; 100
2149; 2736361547; 100
2149; 2885618284; 100
2149; 2967171338; 100
2149; 3157397741; 100
2149; 2861084537; 100
2149; 2934494344; 100
2149; 2835386821; 100
2149; 2933198058; 100
2149; 2797078539; 100
2149; 2988782520; 100
2149; 2954135814; 100
2149; 3028189919; 100
2149; 3005408391; 100
2149; 3164764078; 100
2817; 4359108462; 100
2817; 4480709199; 100
2817; 4828357214; 100
2817; 4634542663; 100
2817; 4632763877; 100
2817; 4739687138; 100
2817; 5366477943; 100
2817; 5108091238; 100
2817; 4859258637; 100
2817; 5146134032; 100
2817; 4416983492; 100
2817; 4400311101; 100
2817; 4706034492; 100
2817; 4746878203; 100
2817; 5203644902; 100
2817; 4950296064; 100
2817; 4776157089; 100
2817; 4220023542; 100
2817; 5041806935; 100
2817; 5497201491; 100
2817; 4164933961; 100
2817; 4476262300; 100
2817; 4482742309; 100
2817; 4500852558; 100
2817; 4580876877; 100
2817; 4946485926; 100
2817; 5127666210; 100
2817; 5127596416; 100
2817; 4935676508; 100
2817; 5454238180; 100
3691; 6832195575; 100
3691; 7868958141; 100
3691; 7437547244; 100
3691; 7871648743; 100
3691; 6873938300; 100
3691; 8085645444; 100
3691; 8070495464; 100
3691; 8022903061; 100
3691; 7595336317; 100
3691; 8757902257; 100
3691; 6667984362; 100
3691; 7019360363; 100
3691; 6866769651; 100
3691; 7635478852; 100
3691; 8116654863; 100
3691; 7819681760; 100
3691; 7931723410; 100
3691; 8311055062; 100
3691; 8310127006; 100
3691; 7840333839; 100
3691; 6863717602; 100
3691; 7320397484; 100
3691; 7170775339; 100
3691; 7244981439; 100
3691; 8505492579; 100
3691; 7599991114; 100
3691; 8050833029; 100
3691; 8593285788; 100
3691; 8969850548; 100
3691; 9344212389; 100
4837; 12427377143; 100
4837; 11371231279; 100
4837; 11978623392; 100
4837; 11183528580; 100
4837; 15375801840; 100
4837; 13408014139; 100
4837; 12812458686; 100
4837; 14636555386; 100
4837; 13059857915; 100
4837; 15071790279; 100
4837; 11738384434; 100
4837; 11456176528; 100
4837; 12406783175; 100
4837; 11926930804; 100
4837; 13382331904; 100
4837; 14669459453; 100
4837; 14425330323; 100
4837; 13974642677; 100
4837; 14440515079; 100
4837; 11687735881; 100
4837; 14177851295; 100
4837; 12116930124; 100
4837; 11571458852; 100
4837; 11168997734; 100
4837; 14234129031; 100
4837; 10916102583; 100
4837; 13719842853; 100
4837; 15545259784; 100
4837; 14503630678; 100
4837; 13777739761; 100
6338; 18619607605; 100
6338; 19565420574; 100
6338; 23523287426; 100
6338; 23108279513; 100
6338; 22238438602; 100
6338; 20097722698; 100
6338; 21311881916; 100
6338; 23656213429; 100
6338; 25303395678; 100
6338; 23856954771; 100
6338; 17749226124; 100
6338; 23824714070; 100
6338; 19357633732; 100
6338; 24402119622; 100
6338; 22308595395; 100
6338; 23542271051; 100
6338; 24670075030; 100
6338; 22040032536; 100
6338; 23419249528; 100
6338; 22397613678; 100
6338; 20714587724; 100
6338; 24064478699; 100
6338; 25723849459; 100
6338; 24469566048; 100
6338; 21311018151; 100
6338; 23019555559; 100
6338; 19978425545; 100
6338; 22396011284; 100
6338; 21967181887; 100
6338; 24273474103; 100
8306; 33069778243; 100
8306; 40716246473; 100
8306; 40933252073; 100
8306; 34428031393; 100
8306; 36278023556; 100
8306; 37002929685; 100
8306; 37317868618; 100
8306; 39101217404; 100
8306; 37746490073; 100
8306; 41531509367; 100
8306; 34061099595; 100
8306; 34617538722; 100
8306; 32179253898; 100
8306; 33247544677; 100
8306; 37147956519; 100
8306; 36608514468; 100
8306; 35187918806; 100
8306; 34593977663; 100
8306; 35333569139; 100
8306; 36991875505; 100
8306; 33056703683; 100
8306; 32879543112; 100
8306; 33688425798; 100
8306; 36764929967; 100
8306; 41047972397; 100
8306; 40951654433; 100
8306; 38439947558; 100
8306; 40471796190; 100
8306; 39140650234; 100
8306; 35176172326; 100
10884; 63870726652; 100
10884; 56633418587; 100
10884; 66281012568; 100
10884; 63431858776; 100
10884; 66849435935; 100
10884; 58923560123; 100
10884; 55997379745; 100
10884; 63076666053; 100
10884; 66369869719; 100
10884; 70692706217; 100
10884; 59804049155; 100
10884; 66872560434; 100
10884; 56371305747; 100
10884; 58268118743; 100
10884; 70069284504; 100
10884; 56173152118; 100
10884; 70458025404; 100
10884; 67956763285; 100
10884; 65654774884; 100
10884; 66634304606; 100
10884; 67000275018; 100
10884; 51829565217; 100
10884; 54794830875; 100
10884; 68950055646; 100
10884; 66171977735; 100
10884; 57720937267; 100
10884; 64602682607; 100
10884; 68596672156; 100
10884; 64949746425; 100
10884; 63506943764; 100
14263; 93296133972; 100
14263; 104357173987; 100
14263; 93735720249; 100
14263; 92838944008; 100
14263; 112214976590; 100
14263; 107488896177; 100
14263; 102990149234; 100
14263; 97858851163; 100
14263; 107317971336; 100
14263; 100305328357; 100
14263; 96111316006; 100
14263; 102594327326; 100
14263; 89795377861; 100
14263; 94450961218; 100
14263; 107280724385; 100
14263; 98225461667; 100
14263; 109471106155; 100
14263; 112793479637; 100
14263; 108356623310; 100
14263; 109348249285; 100
14263; 91089250872; 100
14263; 90816802445; 100
14263; 103472454468; 100
14263; 98903513827; 100
14263; 93265955281; 100
14263; 101144283283; 100
14263; 114177141065; 100
14263; 106842683434; 100
14263; 92188657274; 100
14263; 109806812562; 100
18690; 151533800979; 100
18690; 155249172861; 100
18690; 151699919442; 100
18690; 180995078874; 100
18690; 192558595687; 100
18690; 170100464511; 100
18690; 174126012922; 100
18690; 166444246924; 100
18690; 185549704597; 100
18690; 195511911641; 100
18690; 156400724690; 100
18690; 191437090165; 100
18690; 191717648445; 100
18690; 160294149798; 100
18690; 187336361034; 100
18690; 176009142234; 100
18690; 162335078864; 100
18690; 150914432872; 100
18690; 170228864121; 100
18690; 171026493810; 100
18690; 159807761595; 100
18690; 181772677706; 100
18690; 160172308500; 100
18690; 161289765301; 100
18690; 171737880643; 100
18690; 174062722082; 100
18690; 188011383329; 100
18690; 182672668123; 100
18690; 168834339442; 100
18690; 172777941593; 100
24491; 321027465450; 100
24491; 264125696501; 100
24491; 277188702066; 100
24491; 297284721386; 100
24491; 274948389199; 100
24491; 298646464552; 100
24491; 312169807048; 100
24491; 314764781717; 100
24491; 291029904872; 100
24491; 310628364101; 100
24491; 272382107471; 100
24491; 279013638563; 100
24491; 295533201679; 100
24491; 282478365562; 100
24491; 297690237882; 100
24491; 286224097223; 100
24491; 266086161382; 100
24491; 278600756982; 100
24491; 305896018007; 100
24491; 304477043387; 100
24491; 270046510821; 100
24491; 278014837202; 100
24491; 283044293733; 100
24491; 321055939234; 100
24491; 304231666526; 100
24491; 288059050478; 100
24491; 288958971814; 100
24491; 297579098867; 100
24491; 308671496956; 100
24491; 306894698157; 100
32093; 460527936552; 100
32093; 488446930304; 100
32093; 464680681966; 100
32093; 504660291319; 100
32093; 474038923297; 100
32093; 525952268153; 100
32093; 485407486636; 100
32093; 540915618289; 100
32093; 485645886480; 100
32093; 534647373006; 100
32093; 462960335966; 100
32093; 476107296386; 100
32093; 479458220455; 100
32093; 492066022432; 100
32093; 505574574903; 100
32093; 518019123957; 100
32093; 530649466987; 100
32093; 502481335692; 100
32093; 525644725104; 100
32093; 521688958822; 100
32093; 445785066316; 100
32093; 504668971654; 100
32093; 490738744396; 100
32093; 468390189521; 100
32093; 498790290665; 100
32093; 458596050887; 100
32093; 475688526586; 100
32093; 501232827182; 100
32093; 509927467075; 100
32093; 519720841189; 100
64; 10899554; 50
64; 9806933; 50
83; 14623502; 50
64; 14947458; 50
83; 12963157; 50
64; 11709216; 50
83; 11114282; 50
64; 6840570; 50
64; 9992702; 50
83; 16441131; 50
64; 8711104; 50
83; 18416784; 50
83; 14998490; 50
64; 11237737; 50
64; 16648862; 50
64; 10761625; 50
83; 12962948; 50
64; 15839006; 50
64; 11406563; 50
64; 15000682; 50
64; 12872646; 50
83; 12215172; 50
83; 14970475; 50
64; 12283510; 50
83; 10582317; 50
64; 11119105; 50
83; 13412741; 50
83; 15023133; 50
64; 10124280; 50
83; 19986500; 50
64; 9789778; 50
64; 14895429; 50
83; 16339745; 50
83; 19709697; 50
64; 17554648; 50
64; 12826429; 50
83; 12311508; 50
64; 5880651; 50
83; 18864396; 50
83; 14415877; 50
64; 15686238; 50
83; 11670166; 50
64; 11960158; 50
64; 16301875; 50
83; 13619505; 50
64; 17832948; 50
64; 20610470; 50
83; 22745672; 50
83; 15928233; 50
83; 13095091; 50
64; 10149656; 50
64; 14133779; 50
64; 16306831; 50
83; 18792858; 50
83; 19566394; 50
83; 18716551; 50
83; 12493408; 50
83; 18633824; 50
83; 15504821; 50
83; 17193362; 50
109; 16605140; 50
109; 7798782; 50
109; 19274780; 50
109; 18380508; 50
109; 25686522; 50
109; 19524959; 50
109; 15140155; 50
109; 24546188; 50
109; 19080103; 50
109; 24338136; 50
109; 20294417; 50
109; 28068188; 50
109; 28138904; 50
109; 27612744; 50
109; 22507434; 50
109; 22089533; 50
109; 25160939; 50
109; 26711299; 50
109; 22763501; 50
109; 26858893; 50
109; 23512228; 50
109; 28075500; 50
109; 25830227; 50
109; 25450196; 50
109; 19496378; 50
109; 22280907; 50
109; 18303172; 50
109; 21764725; 50
109; 22030049; 50
109; 26284989; 50
144; 24540478; 50
144; 24629025; 50
144; 29410924; 50
144; 27091665; 50
144; 31453741; 50
144; 24126975; 50
144; 31345532; 50
144; 31533713; 50
144; 28585318; 50
144; 23763423; 50
144; 31215733; 50
144; 29627436; 50
144; 34766292; 50
144; 24743836; 50
144; 22541736; 50
144; 30869207; 50
144; 36463535; 50
144; 39186643; 50
144; 31735220; 50
144; 27468219; 50
144; 27620170; 50
144; 23894935; 50
144; 21586155; 50
144; 30650881; 50
144; 33887508; 50
144; 30077474; 50
144; 32766526; 50
144; 33003653; 50
144; 25966946; 50
144; 32130509; 50
188; 40303477; 50
188; 46550769; 50
188; 52095670; 50
188; 52799010; 50
188; 34801219; 50
188; 36622494; 50
188; 39942890; 50
188; 58658490; 50
188; 42188029; 50
188; 44318568; 50
188; 40199858; 50
188; 43032219; 50
188; 43091117; 50
188; 38771719; 50
188; 43410050; 50
188; 48224526; 50
188; 44985931; 50
188; 45298533; 50
188; 41844255; 50
188; 47948585; 50
188; 46043323; 50
188; 38671186; 50
188; 39371217; 50
188; 41531491; 50
188; 38209897; 50
188; 36244184; 50
188; 43495737; 50
188; 47215839; 50
188; 45574364; 50
188; 47982240; 50
247; 59311326; 50
247; 57724704; 50
247; 62733508; 50
247; 57616377; 50
247; 67399536; 50
247; 81044390; 50
247; 60814669; 50
247; 65899324; 50
247; 67210092; 50
247; 57603280; 50
247; 68289614; 50
247; 65580254; 50
247; 58700894; 50
247; 51650137; 50
247; 62184146; 50
247; 54736345; 50
247; 55027845; 50
247; 70464527; 50
247; 65451996; 50
247; 68909960; 50
247; 54895263; 50
247; 58032118; 50
247; 63853096; 50
247; 61953855; 50
247; 63704740; 50
247; 62998132; 50
247; 67029961; 50
247; 72706456; 50
247; 62847001; 50
247; 57609015; 50
324; 90799078; 50
324; 88998386; 50
324; 84325690; 50
324; 95611454; 50
324; 96946033; 50
324; 91467155; 50
324; 102055422; 50
324; 79796196; 50
324; 95190347; 50
324; 93076652; 50
324; 67082086; 50
324; 79904381; 50
324; 86896235; 50
324; 82305674; 50
324; 76862079; 50
324; 91130709; 50
324; 92819190; 50
324; 98628456; 50
324; 94258639; 50
324; 99256812; 50
324; 85569769; 50
324; 92023337; 50
324; 87053922; 50
324; 81950195; 50
324; 98109639; 50
324; 94227151; 50
324; 92886640; 50
324; 103299712; 50
324; 88121580; 50
324; 110490909; 50
424; 143972202; 50
424; 143000386; 50
424; 121139594; 50
424; 126874994; 50
424; 110652506; 50
424; 153548381; 50
424; 134837328; 50
424; 158022648; 50
424; 155877187; 50
424; 148715005; 50
424; 123921188; 50
424; 121718730; 50
424; 127247456; 50
424; 129998562; 50
424; 131574005; 50
424; 151908981; 50
424; 139206148; 50
424; 137768801; 50
424; 169672093; 50
424; 149393948; 50
424; 129901832; 50
424; 124609058; 50
424; 111497637; 50
424; 150589384; 50
424; 104176537; 50
424; 145815099; 50
424; 137492058; 50
424; 128189091; 50
424; 112161763; 50
424; 142271883; 50
556; 216620390; 50
556; 210726606; 50
556; 192967315; 50
556; 217699547; 50
556; 186962904; 50
556; 211612062; 50
556; 192414412; 50
556; 195707077; 50
556; 231110099; 50
556; 215448992; 50
556; 181558062; 50
556; 220344688; 50
556; 185117768; 50
556; 216944217; 50
556; 197337056; 50
556; 215254924; 50
556; 243302026; 50
556; 203782654; 50
556; 206436640; 50
556; 186054589; 50
556; 196956794; 50
556; 223375609; 50
556; 205499940; 50
556; 237312030; 50
556; 186481624; 50
556; 236882331; 50
556; 227637405; 50
556; 222194641; 50
556; 190404675; 50
556; 244733435; 50
729; 301339647; 50
729; 283655067; 50
729; 301791623; 50
729; 294636054; 50
729; 312481779; 50
729; 281169373; 50
729; 325482312; 50
729; 321815698; 50
729; 368085179; 50
729; 336522253; 50
729; 330634593; 50
729; 283090730; 50
729; 300244727; 50
729; 302557457; 50
729; 318990950; 50
729; 312102913; 50
729; 315304963; 50
729; 316700300; 50
729; 335052640; 50
729; 348275150; 50
729; 256543148; 50
729; 329664282; 50
729; 287611921; 50
729; 249868493; 50
729; 297261738; 50
729; 308837781; 50
729; 275492975; 50
729; 347043039; 50
729; 297171300; 50
729; 345473980; 50
955; 386786897; 50
955; 454182417; 50
955; 434943486; 50
955; 483681894; 50
955; 455577357; 50
955; 513588511; 50
955; 460312529; 50
955; 508437797; 50
955; 483790223; 50
955; 558048188; 50
955; 455346599; 50
955; 450389718; 50
955; 473737986; 50
955; 498571629; 50
955; 481786892; 50
955; 427827026; 50
955; 480143968; 50
955; 562675558; 50
955; 481803903; 50
955; 544072632; 50
955; 444386731; 50
955; 453960912; 50
955; 426341502; 50
955; 456455338; 50
955; 521021145; 50
955; 465113757; 50
955; 522690038; 50
955; 488942193; 50
955; 466898573; 50
955; 582733396; 50
1251; 710939269; 50
1251; 706937667; 50
1251; 822155513; 50
1251; 731110467; 50
1251; 790250492; 50
1251; 709620872; 50
1251; 874591940; 50
1251; 770896075; 50
1251; 798913586; 50
1251; 752891952; 50
1251; 832487119; 50
1251; 761749158; 50
1251; 693705590; 50
1251; 799351493; 50
1251; 791515022; 50
1251; 718185164; 50
1251; 854651445; 50
1251; 812214798; 50
1251; 816501234; 50
1251; 738428611; 50
1251; 854204194; 50
1251; 789383315; 50
1251; 866953426; 50
1251; 790292567; 50
1251; 718638719; 50
1251; 785667166; 50
1251; 697090844; 50
1251; 799619428; 50
1251; 810993286; 50
1251; 810386693; 50
1640; 1123725520; 50
1640; 1283857193; 50
1640; 1380453620; 50
1640; 1261323407; 50
1640; 1421553748; 50
1640; 1214288554; 50
1640; 1443845359; 50
1640; 1330291718; 50
1640; 1439334333; 50
1640; 1412599699; 50
1640; 1122577763; 50
1640; 1098325664; 50
1640; 1400551273; 50
1640; 1371821303; 50
1640; 1333674868; 50
1640; 1315415372; 50
1640; 1315908090; 50
1640; 1334287736; 50
1640; 1294515245; 50
1640; 1286114215; 50
1640; 1186732701; 50
1640; 1140817902; 50
1640; 1244849260; 50
1640; 1064560939; 50
1640; 1294043652; 50
1640; 1196276019; 50
1640; 1244229469; 50
1640; 1199056408; 50
1640; 1342431210; 50
1640; 1394727215; 50
2149; 1869107502; 50
2149; 1929963554; 50
2149; 1709326237; 50
2149; 1964036307; 50
2149; 2072600810; 50
2149; 2250363405; 50
2149; 2229450298; 50
2149; 1911112569; 50
2149; 2085499705; 50
2149; 2314855359; 50
2149; 1687850485; 50
2149; 1720525990; 50
2149; 1903206305; 50
2149; 1913312613; 50
2149; 1928994634; 50
2149; 2086242065; 50
2149; 2028414091; 50
2149; 2214086384; 50
2149; 1933138157; 50
2149; 2246923392; 50
2149; 1662284144; 50
2149; 1977260758; 50
2149; 1988324673; 50
2149; 2438077032; 50
2149; 2197938565; 50
2149; 2100288156; 50
2149; 2246841344; 50
2149; 2284946942; 50
2149; 2598039492; 50
2149; 2555009746; 50
2817; 2901864054; 50
2817; 3745532309; 50
2817; 3465101369; 50
2817; 3598893840; 50
2817; 3469355587; 50
2817; 3715466342; 50
2817; 3724651966; 50
2817; 3887934871; 50
2817; 3685829808; 50
2817; 4115054312; 50
2817; 3119318624; 50
2817; 3478281921; 50
2817; 2944132254; 50
2817; 3141469999; 50
2817; 3587877980; 50
2817; 3605544881; 50
2817; 3729065011; 50
2817; 3626475693; 50
2817; 3083801091; 50
2817; 4198971834; 50
2817; 3326040484; 50
2817; 3801871516; 50
2817; 3403368420; 50
2817; 3196927893; 50
2817; 3711672347; 50
2817; 3682047905; 50
2817; 2885002123; 50
2817; 3778762162; 50
2817; 3809752376; 50
2817; 3845837527; 50
3691; 4842749110; 50
3691; 5297584343; 50
3691; 5264256561; 50
3691; 6614667665; 50
3691; 5188450020; 50
3691; 6237713505; 50
3691; 5622005702; 50
3691; 6020908189; 50
3691; 6300385759; 50
3691; 5158018116; 50
3691; 6380009226; 50
3691; 5111594865; 50
3691; 5250150988; 50
3691; 5481024173; 50
3691; 5276605967; 50
3691; 4984354333; 50
3691; 5807733770; 50
3691; 5593868622; 50
3691; 6052096133; 50
3691; 5101208038; 50
3691; 5559292839; 50
3691; 5713237961; 50
3691; 5985095375; 50
3691; 5798190580; 50
3691; 5165596133; 50
3691; 6039191116; 50
3691; 6069402277; 50
3691; 5634918546; 50
3691; 6676758647; 50
3691; 6476438170; 50
4837; 9855721604; 50
4837; 9051550497; 50
4837; 8671889976; 50
4837; 8419610396; 50
4837; 8962409190; 50
4837; 10275411339; 50
4837; 10411861131; 50
4837; 8982436978; 50
4837; 9838607712; 50
4837; 10996156345; 50
4837; 9239736728; 50
4837; 8758883474; 50
4837; 8953143356; 50
4837; 11509721097; 50
4837; 10873263829; 50
4837; 10222856584; 50
4837; 10320407925; 50
4837; 10328416675; 50
4837; 10382049523; 50
4837; 10306504668; 50
4837; 8983970592; 50
4837; 8770745752; 50
4837; 10135625229; 50
4837; 9791389013; 50
4837; 9165628432; 50
4837; 9882435338; 50
4837; 8029282314; 50
4837; 10032723092; 50
4837; 9409860950; 50
4837; 9182558150; 50
6338; 13737331535; 50
6338; 14651051023; 50
6338; 14281254848; 50
6338; 15612716165; 50
6338; 17983012772; 50
6338; 17172190240; 50
6338; 17544502027; 50
6338; 16008736942; 50
6338; 17183587751; 50
6338; 17919890646; 50
6338; 13493120092; 50
6338; 14816089720; 50
6338; 16121913261; 50
6338; 17289063908; 50
6338; 15983137461; 50
6338; 16979051600; 50
6338; 16692555731; 50
6338; 18372026350; 50
6338; 16692538821; 50
6338; 16538036940; 50
6338; 15842488866; 50
6338; 14187448854; 50
6338; 18894306679; 50
6338; 16289145006; 50
6338; 15127192182; 50
6338; 16858209565; 50
6338; 16166809537; 50
6338; 14110695885; 50
6338; 15043906173; 50
6338; 16166247694; 50
8306; 26079369472; 50
8306; 29958758942; 50
8306; 26826600436; 50
8306; 22313377627; 50
8306; 23914065098; 50
8306; 27896204759; 50
8306; 27644183467; 50
8306; 27430473611; 50
8306; 26463401166; 50
8306; 31855817665; 50
8306; 25096028586; 50
8306; 23087099621; 50
8306; 27566488797; 50
8306; 28729748873; 50
8306; 26160327509; 50
8306; 25357447959; 50
8306; 27949375946; 50
8306; 29032033620; 50
8306; 28884117337; 50
8306; 28520150767; 50
8306; 24896567938; 50
8306; 23586107243; 50
8306; 29345928854; 50
8306; 27121575378; 50
8306; 30636885056; 50
8306; 26489986141; 50
8306; 26230003186; 50
8306; 30270686736; 50
8306; 27348654688; 50
8306; 28449705082; 50
10884; 43702563414; 50
10884; 42218321860; 50
10884; 41175898124; 50
10884; 38451704718; 50
10884; 47972688242; 50
10884; 45184628752; 50
10884; 43153246174; 50
10884; 48629448001; 50
10884; 45300674212; 50
10884; 51984147174; 50
10884; 42155026336; 50
10884; 47197385682; 50
10884; 44506156986; 50
10884; 46240932611; 50
10884; 48076725170; 50
10884; 47860083587; 50
10884; 49385072184; 50
10884; 50371031780; 50
10884; 51559139573; 50
10884; 49809728072; 50
10884; 40869931670; 50
10884; 39374959684; 50
10884; 38825041234; 50
10884; 44106011696; 50
10884; 47140606589; 50
10884; 43647850472; 50
10884; 45383583492; 50
10884; 45673064176; 50
10884; 42561986075; 50
10884; 43062660325; 50
14263; 70723224784; 50
14263; 71333243483; 50
14263; 68739023618; 50
14263; 79620563768; 50
14263; 67283631309; 50
14263; 76525589736; 50
14263; 76531534884; 50
14263; 75768034714; 50
14263; 76793403679; 50
14263; 77897627119; 50
14263; 73254716930; 50
14263; 64588154374; 50
14263; 76107587072; 50
14263; 66620528309; 50
14263; 71671647123; 50
14263; 72249634842; 50
14263; 72353358761; 50
14263; 83594209025; 50
14263; 77756059855; 50
14263; 85485188574; 50
14263; 69082563303; 50
14263; 72118994024; 50
14263; 69402871274; 50
14263; 70370570481; 50
14263; 71362355464; 50
14263; 70508967211; 50
14263; 76189565372; 50
14263; 74784414515; 50
14263; 76490429015; 50
14263; 75393292212; 50
18690; 119003730285; 50
18690; 123400574534; 50
18690; 127232544283; 50
18690; 119234719721; 50
18690; 122009695620; 50
18690; 125696579243; 50
18690; 124438279989; 50
18690; 123451454181; 50
18690; 124835869445; 50
18690; 131817377143; 50
18690; 118189334467; 50
18690; 125265797908; 50
18690; 130574809984; 50
18690; 121222962322; 50
18690; 124000059548; 50
18690; 124213885072; 50
18690; 127857702480; 50
18690; 117644800009; 50
18690; 135166048546; 50
18690; 141898073573; 50
18690; 137226366676; 50
18690; 123192822294; 50
18690; 116463288788; 50
18690; 141961867386; 50
18690; 145602906604; 50
18690; 112223678576; 50
18690; 127898202531; 50
18690; 119766404245; 50
18690; 145471602089; 50
18690; 137231882098; 50
24491; 193590160747; 50
24491; 206556284176; 50
24491; 205791573299; 50
24491; 236862467680; 50
24491; 237877289189; 50
24491; 230791668818; 50
24491; 233775018036; 50
24491; 253564487119; 50
24491; 224785948463; 50
24491; 253577227340; 50
24491; 216435870786; 50
24491; 206356880133; 50
24491; 216131563349; 50
24491; 205498950251; 50
24491; 232378495549; 50
24491; 224402704294; 50
24491; 214571342552; 50
24491; 213972237373; 50
24491; 212034843838; 50
24491; 215127803480; 50
24491; 206194950741; 50
24491; 208434398207; 50
24491; 202308014904; 50
24491; 192318263153; 50
24491; 223897004854; 50
24491; 231125937178; 50
24491; 228691077842; 50
24491; 232140348048; 50
24491; 218256678112; 50
24491; 208235623800; 50
32093; 333288569464; 50
32093; 352672990933; 50
32093; 369750548416; 50
32093; 384837654712; 50
32093; 337801766170; 50
32093; 353565683595; 50
32093; 374835965232; 50
32093; 338723398979; 50
32093; 379762458742; 50
32093; 374873484152; 50
32093; 363781280312; 50
32093; 361043433191; 50
32093; 377140715642; 50
32093; 337845651947; 50
32093; 350643981752; 50
32093; 362026384232; 50
32093; 357823711706; 50
32093; 343653011190; 50
32093; 385956742070; 50
32093; 355153067768; 50
32093; 350197616238; 50
32093; 331386460089; 50
32093; 352496799647; 50
32093; 340185606300; 50
32093; 383142553950; 50
32093; 388729228503; 50
32093; 367985820307; 50
32093; 360131435635; 50
32093; 353171892064; 50
32093; 374822705130; 50
