length; RNAfold; RAFFT; rufft; LinearFold
64; 11413474; 876224821; 12587368; 31978665
64; 12364425; 885941679; 13760593; 27843235
64; 8074601; 907014124; 7886382; 25377757
64; 14191505; 908101898; 11186274; 30153418
64; 36420960; 945197912; 8887496; 37884935
64; 13973139; 891498678; 9447597; 29895097
64; 15437453; 882106027; 10592272; 32646839
64; 12388080; 938889777; 13524247; 28819174
64; 14369409; 920007163; 11786730; 30906032
64; 35858327; 897071004; 11123589; 50039283
64; 11419427; 935300039; 13443134; 32579480
64; 15611709; 882995543; 13100292; 36049444
64; 10513203; 856232185; 10603103; 35643225
64; 14679720; 990237935; 11474014; 31568059
64; 14077586; 959057417; 12077557; 27288936
64; 15094862; 894316777; 7703983; 30260388
64; 12652300; 895484091; 11824290; 29846852
64; 9754742; 929226227; 11648723; 35433386
64; 11197917; 939762302; 11139597; 52442438
64; 9629885; 934348377; 11275563; 48820203
64; 9356827; 921755086; 7986264; 22730601
64; 9804875; 954547200; 11593078; 32233668
64; 21843836; 877264526; 11118007; 37740739
64; 21453965; 863549034; 13340058; 35031873
64; 20120474; 901375697; 8229944; 49517478
64; 13153819; 948619268; 8442192; 31311091
64; 25488260; 873848453; 12101783; 26112426
64; 14957696; 946682918; 11196113; 34157927
64; 22419023; 887495386; 12709585; 30665583
64; 21460844; 983108932; 8487616; 42849281
83; 14556792; 880486450; 12932771; 32206673
83; 9629836; 882468184; 13600532; 30086792
83; 14492478; 950756900; 6298548; 36948915
83; 18519138; 832969580; 13986025; 33476219
83; 42274082; 879545031; 13363320; 41553134
83; 9682647; 910645366; 11892677; 38335828
83; 16228094; 959042637; 11945922; 27406339
83; 22241666; 919837628; 8332211; 32283157
83; 34389123; 865572394; 13599303; 42531545
83; 19070289; 976052571; 10318767; 36587053
83; 14463912; 879604007; 9341272; 39409869
83; 11932663; 894027471; 12734178; 48996909
83; 13708071; 913222713; 16615232; 43430901
83; 13845321; 908910722; 9173037; 27836679
83; 21342624; 942808401; 16156673; 48132581
83; 19200687; 856271114; 9976013; 33069495
83; 14323942; 907106493; 7760030; 31666392
83; 17663734; 1011341834; 8205619; 34877495
83; 11191164; 952332481; 14141686; 35842035
83; 40063582; 960511284; 37656224; 37936890
83; 13794565; 872564531; 13970443; 43572620
83; 15507634; 939511879; 9692027; 38449251
83; 14231895; 987580017; 12315170; 43623247
83; 27765834; 907444310; 11710291; 61897116
83; 28578868; 881636800; 10887356; 30361655
83; 17706210; 918049194; 10405768; 36545100
83; 25406469; 836475015; 12245088; 35574550
83; 15011814; 957949657; 9080906; 36526871
83; 12715547; 878801453; 12395323; 53150447
83; 14912367; 910396913; 15736203; 62902395
109; 18507200; 907107598; 13700099; 43215932
109; 17820982; 953108664; 14162093; 47043783
109; 38103605; 822826766; 8761380; 45100888
109; 17120903; 974238313; 10514906; 43738678
109; 22974071; 900242395; 9266927; 37548181
109; 18176628; 906746662; 12543812; 45239009
109; 25192254; 981530057; 11696243; 36319614
109; 22002866; 986407815; 11085350; 37603523
109; 17254320; 982230071; 21678877; 56254062
109; 16694247; 955694806; 11134214; 35572267
109; 22849645; 945461373; 12630389; 44406308
109; 16410942; 861185484; 11965753; 40656707
109; 17152508; 904736725; 15268804; 36375521
109; 14866495; 897696369; 8856184; 44274196
109; 12819860; 930070294; 23396501; 88757083
109; 19123077; 952170242; 15078752; 40606974
109; 17629275; 885200827; 10639036; 43112194
109; 16026822; 1100047990; 9266706; 36044024
109; 21149939; 1042055802; 20623477; 36844048
109; 32540304; 904837606; 32626945; 47837088
109; 13839831; 870499917; 12193784; 42934502
109; 15149178; 964328162; 7917529; 46837400
109; 17085222; 834887560; 14953189; 67359452
109; 12431313; 912833236; 10265876; 44592574
109; 15373803; 933490227; 8004727; 41971613
109; 16476760; 915485138; 8934893; 46440075
109; 19290985; 798323242; 15889024; 48648002
109; 20594899; 857481814; 15179675; 53230450
109; 15155186; 909968322; 15546435; 66464095
109; 25641325; 1006139795; 9360063; 49810849
144; 25477161; 944468906; 18042141; 53185273
144; 14638324; 818909383; 14711994; 51420050
144; 16752820; 881456803; 12749737; 53913781
144; 44991036; 946522576; 16325736; 69736046
144; 21718514; 899788561; 11934407; 94783092
144; 33694297; 849676922; 9252719; 58588094
144; 22915070; 990958003; 14768284; 52728842
144; 21012035; 977457320; 15684061; 54793678
144; 18925776; 865176510; 12335630; 48961760
144; 23707724; 887529602; 7331408; 54330663
144; 22554465; 900365354; 12074638; 44421724
144; 32835431; 1005496536; 11242476; 45124546
144; 28257141; 1030384175; 7975017; 48714023
144; 36328195; 1058805017; 10845736; 43355877
144; 34939672; 1096534744; 12449219; 84948949
144; 22305866; 885846047; 7824748; 47731862
144; 23835168; 916261722; 12477657; 48792116
144; 43227135; 916309249; 9499633; 59767262
144; 29673303; 954612500; 14664886; 53810291
144; 53496545; 900526308; 12174723; 49885410
144; 26747636; 1003508999; 10673751; 56282652
144; 29775709; 884732007; 10006914; 100734427
144; 27484825; 916721034; 12209311; 49019264
144; 26592412; 929035872; 7782976; 51297859
144; 45679810; 943423513; 23809618; 72260160
144; 25369219; 972027902; 11772439; 54953353
144; 35126733; 891287888; 14513640; 52934534
144; 21394507; 999680448; 11623608; 44258217
144; 29864660; 888015068; 14385911; 90304645
144; 29799008; 998049155; 26119509; 44014405
188; 32454336; 992381406; 10575314; 63598400
188; 38888547; 950180223; 17145089; 64847836
188; 30038700; 998570931; 16727605; 83319278
188; 30620786; 1060070156; 10213163; 85842091
188; 82975414; 1051417866; 17617568; 121943973
188; 34243857; 1012207348; 17410536; 75798893
188; 57322852; 940526600; 12469774; 71325910
188; 80703314; 919665325; 17442153; 104387029
188; 53778862; 889275980; 17433015; 103078250
188; 27528482; 934478664; 19025374; 77779996
188; 34012804; 1048588895; 14208691; 63511724
188; 38338035; 1004946442; 14518768; 65909481
188; 29680712; 989100492; 12797793; 67088632
188; 34287305; 973823708; 14549714; 100591759
188; 75233769; 789463481; 11126578; 81176943
188; 33903721; 932038876; 9975802; 73018065
188; 35588622; 956115968; 16529842; 68999972
188; 64514053; 954278324; 14168649; 71686864
188; 45302179; 917792253; 18813032; 103056443
188; 58155615; 843867091; 30002275; 71365267
188; 34405173; 916176294; 15971108; 70017782
188; 32238083; 950394304; 18532772; 63016869
188; 26622533; 877955401; 15502780; 110894766
188; 26520005; 931699326; 18205317; 66431626
188; 38385731; 894888006; 14769223; 63862758
188; 33327885; 976769329; 17314300; 70296627
188; 45667971; 993430283; 12146491; 67007872
188; 43765749; 894317907; 14779247; 70387685
188; 63007185; 918094445; 12373008; 70196761
188; 40932408; 943282798; 10087527; 87518593
247; 52474393; 907258980; 23671339; 102205558
247; 70951849; 902134869; 22124294; 90247597
247; 78729205; 896017199; 12684240; 95165794
247; 91036519; 907015187; 14852551; 102447197
247; 73814854; 909447576; 19149635; 130474127
247; 51330460; 942311862; 18614857; 96750257
247; 57983683; 910383882; 19691013; 82435131
247; 68659131; 891781796; 17754351; 94156068
247; 72029994; 996520399; 19812960; 102830400
247; 133244877; 839970558; 25662803; 94275005
247; 48409181; 1055255198; 15825002; 88211891
247; 46719979; 972918015; 21395663; 85939946
247; 98214177; 982057661; 22611640; 98993909
247; 83638284; 1023010676; 14658374; 95191366
247; 114382380; 916101456; 19544297; 108437593
247; 51955362; 972716414; 21039586; 101187603
247; 77912841; 933696657; 20474287; 83978216
247; 65124567; 953870245; 13346426; 93707728
247; 88621957; 926024839; 13134638; 94521733
247; 62835487; 937836514; 13615770; 111460394
247; 46244338; 951315629; 16770414; 91596922
247; 60104660; 925027055; 18848734; 91890213
247; 68816741; 985364800; 19460252; 110174678
247; 102683032; 944073712; 18239687; 103072797
247; 65257286; 957805768; 18150032; 94159914
247; 50553928; 896398144; 16478811; 86543646
247; 52657171; 935110599; 19521140; 87702640
247; 106316085; 898407883; 21942363; 98183384
247; 101051074; 930134121; 19118791; 87821081
247; 47318965; 933216681; 19962015; 129969776
324; 77502836; 1049972095; 23319900; 129708027
324; 104420398; 999966028; 24290129; 135852680
324; 113735855; 942559182; 26104806; 141175311
324; 128749345; 968962578; 26996865; 147475485
324; 148026990; 932339265; 25796657; 156167420
324; 82563157; 1043513142; 25981403; 140397827
324; 139515525; 903184714; 22350691; 136432707
324; 93301185; 1029736941; 24455530; 136434201
324; 127256414; 891668353; 23049823; 141236928
324; 118824147; 952870631; 26262996; 136662506
324; 72079234; 985901756; 24599036; 128911790
324; 94508301; 955182931; 24740014; 127294032
324; 88995134; 1000906159; 22762642; 137463528
324; 141563896; 861457984; 16298058; 123289307
324; 157136202; 947067421; 22155949; 121940005
324; 77780175; 1051508909; 22328678; 132647072
324; 87795408; 1036176211; 27352835; 139851150
324; 115466138; 1003982899; 25753184; 128257420
324; 121560286; 1045952168; 25700242; 133271240
324; 116902036; 1005254130; 24758086; 127048426
324; 80066289; 943088502; 24315140; 141592077
324; 146220345; 1008497665; 21960579; 132652368
324; 91488965; 1120762303; 27034030; 173004216
324; 118334592; 1090697952; 31600590; 177773149
324; 154154742; 1074634941; 23692957; 149466247
324; 80863119; 1032637656; 21695994; 120773907
324; 105735434; 959670814; 22329053; 149809564
324; 110152558; 976145653; 25679904; 163638613
324; 86029525; 983308224; 21925450; 179276061
324; 85485836; 1008948367; 42730853; 149064175
424; 129521352; 1049002269; 29466661; 190924798
424; 163673800; 1006221591; 29668345; 215532316
424; 156557616; 998546943; 30608037; 199109749
424; 198333146; 974139142; 28931475; 214597920
424; 171666026; 974316742; 28637893; 246882759
424; 131116359; 1074774948; 27146475; 192489608
424; 158709550; 987533476; 34244586; 186954864
424; 164291984; 950218009; 30145822; 201549012
424; 162197456; 1071034592; 28089337; 208867956
424; 208701228; 1033079367; 36399062; 196896438
424; 128425628; 1125596571; 24933090; 183979619
424; 171510485; 1016422481; 31066680; 188214251
424; 201003044; 938103563; 30321740; 194598937
424; 232935191; 973550589; 30342988; 208444076
424; 168621856; 1013513038; 31358827; 234433102
424; 144224779; 1036326719; 36609915; 197326869
424; 123522129; 1024523793; 27986369; 179172588
424; 179022281; 1029388211; 33113834; 211429097
424; 171464268; 1025462151; 23530305; 218920842
424; 175788473; 978592220; 29689557; 200093073
424; 130900854; 1069140158; 26338791; 184817262
424; 154372712; 1062962422; 28844296; 178679540
424; 219704480; 978353111; 28945031; 205027437
424; 183762466; 985844262; 29239890; 217450780
424; 164791944; 1035111489; 27941887; 272264990
424; 156018778; 1016530353; 27817248; 176662796
424; 131317612; 1213024949; 30862475; 177842785
424; 195006577; 1103014420; 23355833; 192463214
424; 142708407; 1217003830; 28435623; 236892647
424; 210666582; 1202953798; 38514220; 255751726
556; 234957529; 1124172786; 38673354; 278414111
556; 217788517; 1141609523; 41491713; 254229011
556; 339577596; 1025095094; 39653368; 257064560
556; 308197172; 1009255709; 38953083; 345800156
556; 279450189; 990242278; 58689108; 355365137
556; 213868285; 1178264784; 39347051; 246289092
556; 216654553; 1338019758; 39681174; 263736091
556; 352734359; 1155274630; 39433424; 314450058
556; 287483094; 1135781166; 49216386; 278503806
556; 287755742; 1082273193; 44090880; 294514151
556; 227081299; 1198064211; 38400115; 271970604
556; 294892529; 1129185524; 32479038; 277434973
556; 250960370; 1042276123; 38357719; 279832688
556; 296554467; 1066217966; 40640791; 305972085
556; 303467935; 961329902; 35303347; 318907007
556; 220727379; 1179008103; 39840130; 272627866
556; 299687793; 1056267532; 38913603; 259793145
556; 278892173; 1032669755; 41581416; 258965324
556; 332929416; 1031798718; 38673822; 322762655
556; 330929094; 1078766922; 53865565; 311109552
556; 216483687; 1229223480; 39495188; 268093738
556; 266605635; 1138176236; 48527180; 257544025
556; 329707601; 1076838040; 40151517; 271647513
556; 317832041; 981513757; 39346183; 300645074
556; 294975463; 1046301997; 42996354; 320389347
556; 262738311; 1048007699; 40297550; 260095183
556; 222895911; 1237615825; 45740937; 260942289
556; 288286300; 1059464243; 38885503; 251968070
556; 355419124; 944223911; 41704128; 269434206
556; 289475512; 970755000; 41355276; 271560311
729; 395066454; 1210631090; 58670644; 381650116
729; 364841083; 1312836101; 47859887; 377088152
729; 497851400; 1157831782; 51265182; 378458766
729; 530703218; 1095256876; 56330113; 348611360
729; 552616544; 1100871700; 53996604; 359692788
729; 409905996; 1158773435; 48105902; 396836102
729; 386683070; 1202370177; 56890891; 386544887
729; 424155797; 1131592469; 52761064; 388491031
729; 432032457; 1090747870; 59317325; 366122844
729; 547805339; 997878254; 48747872; 376367723
729; 375617054; 1231979439; 51586725; 384527686
729; 402977080; 1199487084; 59386227; 377729846
729; 455112314; 1141777771; 52501445; 372324237
729; 539107873; 1071418774; 54964823; 361332724
729; 520250474; 1072492781; 50020504; 382119710
729; 385870212; 1227665427; 54913121; 363627032
729; 373457473; 1259570491; 59662391; 381386933
729; 397060033; 1309967058; 44823276; 363807915
729; 551677283; 1071016860; 53800499; 366528209
729; 555181630; 1219286514; 52619988; 378923976
729; 379270152; 1231865237; 57144059; 395039342
729; 408407490; 1188627780; 84932254; 391746910
729; 523054246; 1070743101; 57943474; 385406182
729; 418786942; 1339217560; 63115813; 371025869
729; 523573716; 1080551522; 55301721; 367600987
729; 389945823; 1298549734; 58029279; 381707692
729; 394762342; 1262495381; 53338140; 362650314
729; 480417763; 1113258321; 58983043; 357079127
729; 508404673; 1045476586; 51901859; 363345686
729; 537037351; 1059404465; 57968192; 347360942
955; 666184561; 1302110842; 75996104; 529901101
955; 633643980; 1373690587; 71463294; 498995756
955; 668601165; 1432509757; 77748712; 521482120
955; 727541513; 1359936990; 87103248; 523341569
955; 927606274; 1151910174; 80105702; 522631509
955; 646847910; 1301958520; 66013639; 513033652
955; 730858228; 1307001757; 78998994; 531236686
955; 703906225; 1382962579; 84772517; 539623687
955; 844837484; 1196333170; 71842669; 538540927
955; 884129180; 1125033743; 79273704; 512924081
955; 670278617; 1358664165; 70004143; 523764778
955; 746747409; 1281248056; 80761483; 530940883
955; 737766303; 1211802530; 67040040; 496720199
955; 760642681; 1287500342; 77044457; 527932619
955; 891143231; 1118260087; 69250334; 516814598
955; 631995179; 1341115259; 90049500; 570753464
955; 744964279; 1220387352; 68904346; 530581054
955; 740304768; 1307978045; 80514595; 543824190
955; 773747429; 1256402267; 87848023; 522710492
955; 795368835; 1202006710; 81397013; 503983892
955; 663952280; 1345357153; 74409826; 523858199
955; 751383680; 1212079856; 69436246; 539814957
955; 771133261; 1179929365; 78464262; 560457237
955; 782435119; 1150176620; 69097636; 528233454
955; 824525538; 1152193021; 73851587; 517668790
955; 680766856; 1411792373; 84888520; 526224652
955; 738788848; 1264707029; 86792750; 505214859
955; 838518357; 1190286902; 85038891; 527665920
955; 733206401; 1609715505; 76241433; 547790823
955; 789623832; 1488246912; 73291622; 540813345
1251; 1150676447; 1570560725; 115270849; 702867881
1251; 1242218317; 1489172805; 128173940; 715660644
1251; 1258365772; 1439618926; 101979389; 743112891
1251; 1273578512; 1392401943; 102608979; 685013096
1251; 1268720341; 1415221250; 126299378; 699972458
1251; 1175896768; 1513272697; 108371904; 726832619
1251; 1267926901; 1503789494; 128889064; 717701067
1251; 1230865803; 1450945864; 107828876; 732956107
1251; 1238850689; 1468731970; 132687792; 729481559
1251; 1295905658; 1333505130; 127936400; 743190845
1251; 1198765304; 1481602445; 109570954; 770703517
1251; 1178673962; 1461403279; 113009991; 706799143
1251; 1213196120; 1449059013; 116871596; 727002876
1251; 1222889853; 1399899904; 106962939; 722976241
1251; 1383764525; 1347407333; 122197965; 731918101
1251; 1146144948; 1563044642; 128177407; 741806459
1251; 1210754610; 1474667097; 114405918; 703704484
1251; 1247216254; 1451423157; 110309894; 706385365
1251; 1331433003; 1377389609; 105124509; 730960641
1251; 1380982011; 1353085783; 117347892; 713358240
1251; 1169005776; 1501667691; 110361314; 718607311
1251; 1224857290; 1586386974; 118156310; 767947923
1251; 1155769599; 1575115081; 137034451; 723314304
1251; 1284139692; 1471142136; 116757992; 702961556
1251; 1367087748; 1321604466; 107532733; 724037782
1251; 1145234751; 1477657198; 101300439; 716077488
1251; 1184947175; 1534164964; 117680844; 694755287
1251; 1205846278; 1539661852; 102980078; 740562522
1251; 1251518279; 1447393680; 111558263; 723683626
1251; 1340500682; 1412301349; 111786057; 709484591
1640; 2094037515; 1761819030; 157907577; 971977861
1640; 2101835623; 1669592311; 168503847; 991668928
1640; 2136117459; 1769973913; 170598055; 996590735
1640; 2188796036; 1774574647; 179869099; 1062591364
1640; 2198204648; 1652734213; 181366487; 969536100
1640; 2016751156; 2047016604; 193729571; 989465332
1640; 2197651465; 1744817905; 181043489; 1024686393
1640; 2238528548; 1717649410; 188361599; 985005811
1640; 2251823269; 1699398183; 203658473; 1012355246
1640; 2346840917; 1636914833; 180795767; 989294849
1640; 2045829384; 1880691671; 172045384; 972429787
1640; 2021265710; 1856675800; 181010441; 994406215
1640; 2105477512; 1796115887; 173286758; 973744995
1640; 2269605544; 1548111194; 153627508; 995413321
1640; 2214224477; 1723501574; 183104112; 973347723
1640; 2023108206; 1822912092; 176947048; 983466406
1640; 2092800604; 1682658816; 163289680; 1007549139
1640; 2291783903; 1642053556; 156341734; 1028757996
1640; 1978835992; 2172258278; 185592533; 976385890
1640; 2222212362; 1793018312; 141064987; 976503202
1640; 2084327206; 1747116906; 152180733; 1017670438
1640; 2081838742; 2038320541; 204107928; 997457625
1640; 2154912767; 1666937188; 171089042; 971214628
1640; 2253342660; 1642136763; 175167666; 1006905754
1640; 2305391611; 1712364221; 158714481; 962753137
1640; 2097323786; 1809528749; 162081937; 1081040774
1640; 2140330337; 1703177007; 160139506; 1006130020
1640; 2120630600; 1799462445; 166897869; 951578241
1640; 2218818323; 1817770317; 167536184; 1023866628
1640; 2210640445; 1800671555; 169485640; 1018151824
2149; 3647235169; 2199035852; 255660203; 1292793776
2149; 3768576601; 2189168810; 260043332; 1396931253
2149; 3953006030; 2394252204; 276914742; 1315031325
2149; 4031836264; 2041529982; 270755254; 1396458584
2149; 4081779211; 2193139006; 296157318; 1394619468
2149; 3607842378; 2278459466; 278282691; 1357447993
2149; 3986113544; 2223550716; 281325014; 1344857127
2149; 3840605059; 2075158283; 263191903; 1374774934
2149; 4247015043; 1905021281; 232769408; 1381095602
2149; 3981416289; 2050556107; 276211048; 1358600775
2149; 3610720369; 2327841958; 263672910; 1353081718
2149; 3675939757; 2118844930; 269168726; 1326173944
2149; 4177326979; 2167907476; 268992668; 1321693820
2149; 4110017208; 2008176532; 276829623; 1449161913
2149; 4144993955; 2054792898; 263940718; 1381765526
2149; 3628776019; 2297419797; 263943147; 1344771263
2149; 3885889851; 2285055291; 264056289; 1326683899
2149; 3682309726; 2071914304; 252928301; 1369720520
2149; 3844587525; 2211345173; 250323379; 1389753064
2149; 3985634400; 1994024725; 291689177; 1410892627
2149; 3794267781; 2394637363; 276919395; 1324920787
2149; 4040648446; 2410837052; 259860220; 1394994037
2149; 3691765894; 2051071686; 253612690; 1352936089
2149; 4010149371; 2007412058; 266951145; 1408187219
2149; 4024979198; 2206631708; 301208698; 1351105277
2149; 3943057259; 2449103432; 257824542; 1317685906
2149; 3676196039; 2364456414; 269511264; 1343181754
2149; 3957366978; 2163069258; 295373314; 1362404052
2149; 3951003228; 2088909732; 284705393; 1314683263
2149; 4336714011; 2130456322; 295108919; 1347776569
2817; 7196257397; 2903089609; 420616458; 1757195163
2817; 7171539582; 2966937806; 459496231; 1829959529
2817; 7751689396; 2829246485; 407261215; 1812437168
2817; 7687769467; 2843033979; 415407265; 1780525999
2817; 7674782165; 2672776679; 439347529; 1825354096
2817; 7414384697; 2902290426; 417977885; 1838673395
2817; 6999919202; 2766400758; 412564933; 1791158168
2817; 8039018600; 3018097505; 460859559; 1812344572
2817; 7442143606; 2767249083; 424398569; 1782266457
2817; 7510613058; 2676346213; 410486140; 1846249820
2817; 7254693240; 2933557095; 501672974; 1918199131
2817; 7314520305; 2975956075; 373855710; 1804504653
2817; 7561636188; 2755001434; 458960678; 1846798733
2817; 7897073338; 2582820734; 438792148; 1809931129
2817; 7678283739; 3136072210; 400916313; 1779902178
2817; 7263738311; 2993817496; 452953812; 1800430257
2817; 6766378651; 2723762870; 396953656; 1784077587
2817; 7453869615; 2756924210; 423764256; 1772249490
2817; 7562013910; 2689453884; 435152355; 1754769589
2817; 7907097242; 2786989579; 415803258; 1899183159
2817; 6882491978; 3103861614; 414770295; 1818022180
2817; 7576115623; 2956464615; 395446096; 1792207716
2817; 7331695150; 2940343313; 504898545; 1841494089
2817; 7810701842; 2742960662; 448761280; 1800126988
2817; 7591406913; 2870536805; 456396531; 1786916509
2817; 7273923928; 2902963829; 379935656; 1740241284
2817; 7813073342; 2854557363; 423661777; 1768811411
2817; 7574840820; 2944044050; 434649141; 1788967818
2817; 7796877393; 2658168477; 412994254; 1789864913
2817; 7413340045; 2917695540; 479970020; 1880106193
3691; 14043184053; 4048172923; 637115682; 2369556176
3691; 13641966469; 3852631907; 604477626; 2408487735
3691; 14761036771; 3657564294; 590855451; 2409598399
3691; 15186069944; 4085401479; 740955855; 2376274615
3691; 14817935698; 3883194919; 706531571; 2458965682
3691; 14638263350; 4177999160; 632145476; 2409549846
3691; 13573893517; 3779096318; 632852704; 2326950024
3691; 13981341057; 3723465256; 633573999; 2425370167
3691; 14436921877; 4216048318; 761346288; 2359459169
3691; 14362603413; 3801703860; 674385775; 2386133104
3691; 14241997162; 3994652995; 568153478; 2350559945
3691; 14221814750; 3843615378; 623406811; 2363560821
3691; 15076513301; 3900566855; 651800944; 2356531671
3691; 15012881313; 3958809302; 695536356; 2540557866
3691; 14621953064; 4016473536; 656865884; 2354643490
3691; 14694631081; 4253104038; 693229799; 2364376685
3691; 14878152451; 3953668789; 591866181; 2347598632
3691; 14133222959; 4075029440; 726124769; 2329250410
3691; 14116203729; 3898623633; 685211228; 2401590699
3691; 14548698759; 3794905312; 578261930; 2438496944
3691; 14553431369; 3970810478; 626301253; 2341796668
3691; 14196080014; 3941879187; 671624842; 2500223405
3691; 13807462106; 3905707104; 638367665; 2430397863
3691; 14596679967; 3932543277; 675633342; 2384739044
3691; 15010545253; 3791517542; 687197433; 2454176753
3691; 13979036266; 4114179392; 624553331; 2499554828
3691; 14761498005; 4171055290; 729836036; 2348468572
3691; 14093984020; 4102990135; 765445753; 2558562516
3691; 14748881683; 3953611895; 690821305; 2383508323
3691; 14576821941; 3902078976; 704097391; 2519791531
4837; 27211702785; 5943473755; 1105302476; 3307542821
4837; 27438499834; 5718507277; 1048741939; 3291953156
4837; 28242817568; 5672508243; 987587476; 3206901193
4837; 29231032416; 5700632899; 1140058095; 3278920464
4837; 28464216294; 5752104926; 1120026184; 3353640366
4837; 27229576971; 5473996195; 931379846; 3191437870
4837; 28841499391; 5925076976; 1063842960; 3278928293
4837; 28447504566; 5918727328; 1169875850; 3227767063
4837; 28270907830; 5644818908; 1040385933; 3309097343
4837; 29008824360; 5577197509; 1213418792; 3281115806
4837; 27670748033; 5904179238; 1161268871; 3214075595
4837; 28869550385; 5646378156; 1028736599; 3210246162
4837; 27847447107; 6165811182; 1139780983; 3339950082
4837; 27741603912; 5554588566; 1049724728; 3241544340
4837; 28986761185; 5596602185; 1041377262; 3354284239
4837; 27511051757; 5744756353; 1067522652; 3210499280
4837; 27151519603; 6204188369; 1201888060; 3260372486
4837; 28614443861; 5552262298; 1059423296; 3167403038
4837; 29270065703; 5848016624; 1039211084; 3346251239
4837; 29464724088; 5585334955; 1046168542; 3216502482
4837; 27582658484; 5962054552; 1042502921; 3305571041
4837; 28650460375; 5687572368; 997619256; 3246884889
4837; 27074014843; 5867819986; 1085960379; 3274264820
4837; 28719052219; 5761264068; 974759104; 3351499916
4837; 28350205546; 6028194354; 1089930545; 3330122145
4837; 27422204971; 5953439772; 1124856364; 3175266807
4837; 27604501708; 5826516186; 1187441601; 3460632961
4837; 29299017673; 5811684313; 1099530896; 3255808391
4837; 27576832723; 5646069174; 998480050; 3245643950
4837; 28585251921; 5747772608; 1080804077; 3372857891
6338; 55568188419; 9336629351; 1857850380; 4491855739
6338; 54513547167; 8695588442; 1709045061; 4429475395
6338; 54653540198; 9137093078; 1962724474; 4200604480
6338; 54012182774; 8724018914; 1679620398; 4243630649
6338; 54397758834; 8882732566; 1805148251; 4265795887
6338; 54524989212; 9235610434; 1743097756; 4340920987
6338; 54675510840; 9016559008; 1755178103; 4502205743
6338; 54777942153; 8807195838; 1870885102; 4270381646
6338; 55494790171; 8457801424; 1577628601; 4319823645
6338; 55349520148; 8860069821; 1842597660; 4224281844
6338; 51749161525; 8829321564; 1749535699; 4236272027
6338; 53495204668; 8910242987; 1843576344; 4252580646
6338; 55337135547; 8512841599; 1727370948; 4284796563
6338; 55869900910; 8308777087; 1490409153; 4418240864
6338; 55884074719; 8810245166; 1759179343; 4530437189
6338; 52687233614; 9238923839; 1886188538; 4214465891
6338; 52594903493; 8800934848; 1665700012; 4363456705
6338; 55940275438; 8431572219; 1680194217; 4235993525
6338; 55289278103; 8745950294; 1874715770; 4329892950
6338; 55143163457; 8953477700; 1778080198; 4412029592
6338; 55873555531; 9302183172; 1757457401; 4557081476
6338; 54563458333; 8583806836; 1656760621; 4399064459
6338; 55163980034; 9228998082; 1857325069; 4381093368
6338; 53627157748; 8683619768; 1733478736; 4353246183
6338; 54151750753; 8537756363; 1700938789; 4401280723
6338; 54107631241; 8777113278; 1610702160; 4335292022
6338; 54277913999; 9135771304; 1713541960; 4330262053
6338; 56532466422; 8649943043; 1608839715; 4607676489
6338; 54749750146; 8627013581; 1730915526; 4318543150
6338; 57232257355; 8590598645; 1736916073; 4374147901
8306; 107051581837; 13953219325; 2885488329; 5698606283
8306; 106221255647; 14315408359; 2806868985; 5678034436
8306; 106911686867; 13974544526; 2851834008; 5869124599
8306; 107129464648; 14179590535; 3065639552; 5711704713
8306; 106787769160; 13333064552; 2938989309; 5770781491
8306; 106276888669; 13564663085; 2513097321; 5932983756
8306; 107202337273; 13919783602; 2990701892; 5711087383
8306; 107271742000; 14040079192; 2888401934; 5747380115
8306; 105959189899; 14329660226; 2936586107; 5763789028
8306; 107211228347; 14203639032; 3216886098; 5717078398
8306; 105970316638; 14059183276; 2809284543; 5620516701
8306; 106866582009; 13738349210; 2811271971; 5766717718
8306; 107604151641; 14072534140; 3066789360; 5783269704
8306; 106996464289; 14125828450; 3010003411; 5703157316
8306; 106078313250; 13950628848; 3019340951; 5812081503
8306; 105856269732; 14496082136; 3092398634; 5747524028
8306; 104263543165; 13923315703; 2847071768; 5680492071
8306; 106527529486; 13796907070; 2966655253; 5670800341
8306; 106878094378; 13565588428; 2764552277; 5789246818
8306; 107304246521; 13752305667; 2782219365; 5793341429
8306; 106638109012; 14285025123; 2878707775; 5779248446
8306; 106143316276; 13487930876; 2708536268; 5719737991
8306; 106383171299; 13626451778; 2685114759; 5738083782
8306; 107647975488; 13866933755; 2896302398; 5768657016
8306; 107115598411; 13908352814; 3026341875; 5742629337
8306; 104523098910; 14204563320; 3174016137; 5720984021
8306; 104630968959; 14056039497; 2895276387; 5764284302
8306; 109280255816; 14619911069; 3227834779; 5789449320
8306; 109917816210; 14429808932; 2757572649; 5781833565
8306; 106880866265; 14367754375; 2955298910; 5674349772
10884; 210968490389; 22408622041; 4866841609; 7550038564
10884; 211365322817; 22672160188; 5140196721; 7594754971
10884; 210535777505; 23131076213; 4837405383; 7699747132
10884; 211097453112; 23086122721; 5324979208; 7625830345
10884; 210944861965; 23499171872; 5424359201; 7705580056
10884; 210650316176; 22950696255; 4967927177; 7570929920
10884; 209184871438; 23788746130; 4888275618; 7529378538
10884; 210349043518; 23514316579; 5165962486; 7540178593
10884; 209043358393; 23590301691; 5262063720; 7607615794
10884; 210439827382; 23664860059; 5526024538; 7528739051
10884; 207091193653; 23433860367; 5005252845; 7515435421
10884; 207056930959; 23463048379; 5057753016; 7650121466
10884; 214518119151; 23505598718; 5476306553; 7589230997
10884; 212434872301; 22540582180; 5075073187; 7588097821
10884; 213577831709; 22778988345; 4936355701; 7512121288
10884; 211838993617; 23594234164; 5174248907; 7602703289
10884; 210112969251; 23474066456; 5197727173; 7486729324
10884; 207090881933; 22551203442; 4823993900; 7507603582
10884; 211171757038; 22985768071; 4919838463; 7569290040
10884; 211622653631; 22788332742; 5046867534; 7724414356
10884; 212718089680; 23158026427; 4997807019; 7689027100
10884; 211533917265; 23538478420; 5116744357; 7628602149
10884; 213232996718; 23143713837; 5244508689; 7588849478
10884; 209690486600; 22064429284; 4528622281; 7736180619
10884; 209074945652; 23061538730; 4962278727; 7455597605
10884; 210303807490; 23921228464; 5067685859; 7669795278
10884; 209854880289; 22525252107; 4757042436; 7456051401
10884; 211635074093; 22792108417; 4888194956; 7471746163
10884; 208517631880; 23606463584; 5116345547; 7477675144
10884; 212977844801; 23391536320; 5143616621; 7739349528
14263; 417680069110; 38481711999; 8445343787; 9841468874
14263; 417898953083; 39938023837; 9186566612; 9835589052
14263; 422558710184; 38235458322; 8113647531; 9897441330
14263; 423645137037; 39155347249; 8914164653; 10233847820
14263; 424985678855; 38230681755; 8698162912; 10047981900
14263; 413466806898; 40386324990; 9111258010; 10145105843
14263; 414578025271; 39037946567; 8101939549; 10308399472
14263; 425781965736; 38297844006; 8183013112; 9910099898
14263; 425728049855; 39302970018; 8875781358; 9941528831
14263; 426408309011; 37894199938; 8208867264; 10149990031
14263; 420004058337; 38754041350; 8206573440; 10011724192
14263; 420935862955; 39650618515; 8501699060; 10339225906
14263; 422656012756; 38602499539; 8057412084; 10108822593
14263; 417895705940; 39004407978; 8758141669; 10130495336
14263; 425774080912; 38000105094; 7661535370; 9976583020
14263; 420675520788; 38362531068; 8409471222; 9955490655
14263; 418785058376; 37706861129; 8135162715; 9635415125
14263; 421419912875; 37960632607; 8394902925; 9958276940
14263; 418181076130; 38396963192; 8244477626; 10158568884
14263; 422804158239; 38030308820; 8144005049; 10019913262
14263; 419448260168; 39319439897; 8695380116; 10024544005
14263; 425570070158; 37580410317; 7393421234; 10137224055
14263; 416991936553; 37797008002; 8253795878; 9929817738
14263; 418467412273; 38443777654; 8209600003; 10111628843
14263; 418102755286; 39676078080; 9252314243; 10066792907
14263; 415434374592; 38430299120; 8299918599; 9903989384
14263; 411751007936; 38695723719; 8434211524; 9885895871
14263; 426980714826; 39055239040; 8598842457; 10366885602
14263; 426114070396; 38123064467; 8434199169; 10006450716
14263; 423634264832; 36422757551; 7376707316; 10014890233
18690; 848980501808; 65433246515; 13695866059; 13541867212
18690; 850385538249; 64851078002; 13388696669; 13268996669
18690; 845642155087; 68410614247; 14890395613; 13391416098
18690; 857908742183; 63008302177; 13359244981; 13923005859
18690; 862788287560; 66023934664; 14696101832; 13115178676
18690; 845539114092; 66820133145; 14907208424; 13113648549
18690; 866637472088; 68137501414; 14465403236; 13270166801
18690; 868365110190; 63826412256; 13372097270; 13137848093
18690; 841056716785; 64424524631; 13397674395; 13985931159
18690; 867445836969; 65795449753; 13994603701; 13050160169
18690; 851422482587; 66720972703; 14480242061; 13153894018
18690; 845161484774; 66305189690; 14723014856; 13082001605
18690; 849160567713; 66724156053; 14389783361; 13281978494
18690; 865352951244; 64717463532; 13637896336; 13238493245
18690; 859575694763; 66706585343; 14276629554; 13399329532
18690; 842792384983; 64519696184; 13392885158; 13543579772
18690; 844325589759; 65286199505; 14812350434; 13892097153
18690; 864545964582; 67077461403; 15015730149; 13598081719
18690; 870132264973; 63823752347; 13041138460; 13151870322
18690; 861845063401; 64677562281; 13433036381; 13197181412
18690; 847796274129; 65413363529; 13950246936; 13231897580
18690; 865325114500; 65699498689; 13757605306; 13418962109
18690; 851690073117; 67762823749; 15531012352; 13558897472
18690; 845634361223; 65562829608; 13699519919; 12998501520
18690; 862984462642; 64885267503; 13388501110; 13232147250
18690; 847395072304; 65208579579; 14048919969; 13090718957
18690; 845827809827; 66677844885; 14609107229; 13332442376
18690; 848023331995; 63054135272; 13185866375; 13325946820
18690; 864472419333; 67597143779; 14999522636; 13331202466
18690; 856913136556; 66647853495; 14633534374; 13128612757
24491; 1739323269096; 118535543117; 24605945791; 17309976644
24491; 1742756843937; 115447610848; 25186960027; 17230787924
24491; 1756537417636; 110371091511; 23455671732; 17484883615
24491; 1784089328797; 113355709758; 22729034986; 17673353066
24491; 1792624011593; 116309571169; 24528883067; 17752399913
24491; 1732923723329; 113344674336; 23380920164; 17696504960
24491; 1746691136920; 115339492935; 25277245085; 17516947396
24491; 1797882301126; 118488985576; 24849066257; 17811898818
24491; 1799268897468; 111171817238; 22771926026; 17538259361
24491; 1782521697319; 115322654430; 23698571670; 17343111305
24491; 1748864574148; 114668395841; 24579283694; 17369117029
24491; 1738437681930; 119739256644; 25811864525; 17351392404
24491; 1736311338769; 114221819237; 24216647663; 18109170714
24491; 1775442488951; 111641990877; 23225378070; 17410215755
24491; 1788520631332; 119421330831; 25756507420; 17517677407
24491; 1749519589925; 116006126020; 24106741050; 17324211678
24491; 1754069260769; 116444820745; 24538918176; 17848978700
24491; 1797910796235; 111308660147; 23048865152; 17492939358
24491; 1746611664687; 111026093632; 22710080220; 17392948481
24491; 1786848265526; 114311668038; 24427537818; 17564385131
24491; 1738195449305; 113836275535; 24078373321; 17474853778
24491; 1725435461821; 112941900585; 23331518257; 17399569898
24491; 1799515751328; 112346084020; 23304792746; 17681834438
24491; 1793680738994; 113735583542; 23029526867; 17054409237
24491; 1793203911043; 113120967813; 23854091369; 17453712348
24491; 1749507864459; 114039251725; 22789223854; 17821641412
24491; 1749941553407; 118912451643; 25573811606; 17762453316
24491; 1742500007002; 114526644225; 24488925581; 17384980435
24491; 1789777107828; 116312213658; 24539691877; 17673653533
24491; 1786508848445; 111790465497; 22199116464; 17401707353
32093; 3648046241996; 203007971718; 41138900347; 23658220435
32093; 3636381838312; 213563095241; 43468732114; 23558755395
32093; 3736083376991; 198248288339; 38610341733; 22891204768
32093; 3655918056950; 208748965717; 42372731904; 22763198410
32093; 3758677405541; 201689127381; 39127037215; 23113545763
32093; 3627260618896; 195526360682; 39270158701; 22805853134
32093; 3648707489531; 210406802427; 43015082107; 22752486834
32093; 3758128331555; 196698358342; 39726400469; 22990436506
32093; 3747401806150; 196935166060; 38154782552; 22447734823
32093; 3768419352521; 200828448374; 40723656490; 22704313417
32093; 3669234320844; 209471712121; 42451955963; 22850455891
32093; 3649313610985; 203855608299; 41122257522; 23232297582
32093; 3650607476927; 203637229350; 41511533140; 23067549982
32093; 3755560330173; 204783407546; 41161398831; 23010987774
32093; 3725178907484; 206024819825; 41479257051; 22954301443
32093; 3659068880447; 202549921128; 40139845968; 23964530317
32093; 3655770485715; 200347455332; 39369747617; 23742992423
32093; 3637485286304; 206588292925; 41173836096; 22636265144
32093; 3719873078687; 210268869054; 41757399880; 22839068281
32093; 3709108980192; 202195008381; 40390412018; 22537513910
32093; 3639997558885; 203967520586; 40781842834; 23299621984
32093; 3775506657402; 205864057880; 40285793384; 23102033558
32093; 3652385335724; 197715112218; 39116973894; 23354016764
32093; 3652358885077; 209478968208; 42144935652; 23115753657
32093; 3728017709878; 203489337531; 41378693599; 23100977968
32093; 3770252194883; 207952374692; 41897548512; 23293795541
32093; 3663009673106; 201039161609; 42297584230; 23201192929
32093; 3666530674384; 197403669473; 37761250438; 22981573936
32093; 3731952310638; 201433272823; 40542391309; 22704498562
32093; 3645753355562; 199322049847; 39524418668; 23192414655
