length; time; saved_trajectories
64; 29497169; 50
64; 15082398; 50
64; 19122202; 50
64; 9187653; 50
64; 36671360; 50
64; 7593924; 50
64; 21942148; 50
64; 25252942; 50
64; 34131675; 50
64; 31748435; 50
64; 32988577; 50
64; 36384589; 50
64; 15021097; 50
64; 30983095; 50
64; 23614197; 50
64; 32482297; 50
64; 26175166; 50
64; 32373645; 50
64; 32499529; 50
64; 14101920; 50
64; 25396108; 50
64; 29591210; 50
64; 10236776; 50
64; 15051119; 50
64; 30106477; 50
64; 9251861; 50
64; 37895767; 50
64; 33357585; 50
64; 31540734; 50
64; 29359233; 50
83; 43256107; 50
83; 50279005; 50
83; 50775777; 50
83; 47063425; 50
83; 47434321; 50
83; 49827705; 50
83; 26501237; 50
83; 36762156; 50
83; 37413839; 50
83; 44632530; 50
83; 28213497; 50
83; 32426830; 50
83; 30522093; 50
83; 31946315; 50
83; 46326085; 50
83; 47150994; 50
83; 50322592; 50
83; 51264858; 50
83; 53311465; 50
83; 31155818; 50
83; 37693560; 50
83; 34322128; 50
83; 42488030; 50
83; 45669619; 50
83; 58786759; 50
83; 41343692; 50
83; 45094977; 50
83; 43010895; 50
83; 47515980; 50
83; 53641440; 50
109; 71428482; 50
109; 76912323; 50
109; 74682512; 50
109; 17218660; 50
109; 93671060; 50
109; 77105819; 50
109; 55998639; 50
109; 79200519; 50
109; 88473254; 50
109; 77090455; 50
109; 97507049; 50
109; 69628892; 50
109; 68564413; 50
109; 77237692; 50
109; 83924026; 50
109; 92906777; 50
109; 69047662; 50
109; 82767680; 50
109; 84279361; 50
109; 98596173; 50
109; 70669220; 50
109; 82703971; 50
109; 75579445; 50
109; 64219144; 50
109; 83656853; 50
109; 84926370; 50
109; 70212733; 50
109; 91188033; 50
109; 57541850; 50
109; 85243345; 50
144; 108651084; 50
144; 119145747; 50
144; 134310006; 50
144; 143546540; 50
144; 105385606; 50
144; 130606585; 50
144; 135436438; 50
144; 131175125; 50
144; 136943826; 50
144; 147634406; 50
144; 125453401; 50
144; 110910592; 50
144; 120777780; 50
144; 148179265; 50
144; 154962302; 50
144; 113388313; 50
144; 131713385; 50
144; 122776703; 50
144; 139598731; 50
144; 102205617; 50
144; 119502382; 50
144; 102406590; 50
144; 80761978; 50
144; 90861758; 50
144; 126272615; 50
144; 83798159; 50
144; 105809376; 50
144; 95303766; 50
144; 142083336; 50
144; 136922202; 50
188; 161527738; 50
188; 234112678; 50
188; 183537473; 50
188; 219116141; 50
188; 198648854; 50
188; 176271435; 50
188; 161792382; 50
188; 165621029; 50
188; 183710214; 50
188; 196684493; 50
188; 148049127; 50
188; 190579570; 50
188; 207691113; 50
188; 167979773; 50
188; 210981186; 50
188; 178360227; 50
188; 184243651; 50
188; 200591052; 50
188; 198068900; 50
188; 226007967; 50
188; 178489850; 50
188; 209825505; 50
188; 170657170; 50
188; 186375393; 50
188; 226502566; 50
188; 211458032; 50
188; 156833238; 50
188; 222849462; 50
188; 227451250; 50
188; 208832894; 50
247; 361255301; 50
247; 286423154; 50
247; 353349287; 50
247; 317673342; 50
247; 359601423; 50
247; 289769313; 50
247; 280125589; 50
247; 314578790; 50
247; 316905060; 50
247; 309420801; 50
247; 306636884; 50
247; 275946800; 50
247; 333233328; 50
247; 359445380; 50
247; 319245972; 50
247; 319765994; 50
247; 265237111; 50
247; 297668783; 50
247; 339373249; 50
247; 330518061; 50
247; 251912771; 50
247; 301036576; 50
247; 269254724; 50
247; 273894177; 50
247; 271747248; 50
247; 280767642; 50
247; 351099231; 50
247; 314885292; 50
247; 336407485; 50
247; 303940737; 50
324; 451756156; 50
324; 445517470; 50
324; 582543247; 50
324; 502373523; 50
324; 545606694; 50
324; 463899596; 50
324; 458137028; 50
324; 471811855; 50
324; 468107617; 50
324; 482400602; 50
324; 429698243; 50
324; 416600605; 50
324; 464328488; 50
324; 415637586; 50
324; 341276835; 50
324; 545139919; 50
324; 445147004; 50
324; 475004298; 50
324; 532876144; 50
324; 502725469; 50
324; 491116981; 50
324; 465116332; 50
324; 573678127; 50
324; 505447853; 50
324; 490507872; 50
324; 504416932; 50
324; 428164628; 50
324; 454063611; 50
324; 564557385; 50
324; 577107507; 50
424; 763085950; 50
424; 813233668; 50
424; 856485854; 50
424; 769218403; 50
424; 841763572; 50
424; 818607790; 50
424; 664150650; 50
424; 835458575; 50
424; 736913473; 50
424; 833825895; 50
424; 732109128; 50
424; 780068119; 50
424; 908304623; 50
424; 934605158; 50
424; 886485105; 50
424; 674982040; 50
424; 765996794; 50
424; 848128628; 50
424; 763337694; 50
424; 819601756; 50
424; 716741611; 50
424; 741392770; 50
424; 783459432; 50
424; 688060902; 50
424; 756398736; 50
424; 700365901; 50
424; 714580038; 50
424; 685145974; 50
424; 721966428; 50
424; 781796974; 50
556; 1177356549; 50
556; 1333143683; 50
556; 1183091015; 50
556; 1288982309; 50
556; 1266662171; 50
556; 1124102797; 50
556; 1115492370; 50
556; 1217669703; 50
556; 1201952261; 50
556; 1440022902; 50
556; 1108917010; 50
556; 1202559645; 50
556; 1277197626; 50
556; 1303148738; 50
556; 1217469339; 50
556; 1125463274; 50
556; 1268246328; 50
556; 1213898854; 50
556; 1290065552; 50
556; 1129533216; 50
556; 1182855712; 50
556; 1386759855; 50
556; 1271679628; 50
556; 1314631879; 50
556; 1277059559; 50
556; 1354027110; 50
556; 1161284354; 50
556; 1300969122; 50
556; 1198089867; 50
556; 1258425729; 50
729; 1766360622; 50
729; 1939724645; 50
729; 1912971495; 50
729; 1994365420; 50
729; 2081486581; 50
729; 1865886505; 50
729; 1850877622; 50
729; 1980351519; 50
729; 1822637846; 50
729; 1963471990; 50
729; 2068402025; 50
729; 1540041725; 50
729; 1993340006; 50
729; 1880210685; 50
729; 1668081022; 50
729; 2263483370; 50
729; 2256605316; 50
729; 2033709396; 50
729; 2195311034; 50
729; 2298750675; 50
729; 1695349759; 50
729; 2041292997; 50
729; 2202527397; 50
729; 2065558935; 50
729; 1944567626; 50
729; 1870144677; 50
729; 2177749750; 50
729; 1904154876; 50
729; 1834376285; 50
729; 2137174638; 50
955; 2854002058; 50
955; 3022551136; 50
955; 3075096255; 50
955; 3484812128; 50
955; 3156999714; 50
955; 2626721935; 50
955; 3372520560; 50
955; 3167350913; 50
955; 4016008818; 50
955; 3274886919; 50
955; 3063478885; 50
955; 3231003434; 50
955; 3131887709; 50
955; 2777110872; 50
955; 2955967309; 50
955; 3273703073; 50
955; 2915903749; 50
955; 2653303942; 50
955; 3177188575; 50
955; 3307940864; 50
955; 2894120853; 50
955; 2787511709; 50
955; 2685943508; 50
955; 3014902739; 50
955; 3259366547; 50
955; 2685768938; 50
955; 3266423091; 50
955; 3038439781; 50
955; 2928501555; 50
955; 2897948856; 50
1251; 4642716272; 50
1251; 4580910924; 50
1251; 4361274108; 50
1251; 5744649657; 50
1251; 5193098253; 50
1251; 4577829237; 50
1251; 5019096938; 50
1251; 4773392116; 50
1251; 5153838203; 50
1251; 4605102672; 50
1251; 4430615830; 50
1251; 4378715700; 50
1251; 4626955770; 50
1251; 4346593274; 50
1251; 4871615312; 50
1251; 5212604858; 50
1251; 4916986137; 50
1251; 4376934540; 50
1251; 4990731645; 50
1251; 5248681125; 50
1251; 4795699720; 50
1251; 5001026063; 50
1251; 5113123180; 50
1251; 4979057159; 50
1251; 4986234544; 50
1251; 4734067859; 50
1251; 4629616692; 50
1251; 5080387804; 50
1251; 5615607648; 50
1251; 4799150621; 50
1640; 7078364190; 50
1640; 8654607121; 50
1640; 8564387679; 50
1640; 7065781685; 50
1640; 8151869255; 50
1640; 8389849846; 50
1640; 8189693556; 50
1640; 8249089141; 50
1640; 8725861608; 50
1640; 7830997291; 50
1640; 7760301195; 50
1640; 7510505906; 50
1640; 7340971796; 50
1640; 7083478675; 50
1640; 7767642237; 50
1640; 7733805754; 50
1640; 6956021184; 50
1640; 7633763207; 50
1640; 7441156496; 50
1640; 7343102262; 50
1640; 8241330866; 50
1640; 6941416891; 50
1640; 7559389592; 50
1640; 8475556863; 50
1640; 7928058806; 50
1640; 7477189972; 50
1640; 7307889782; 50
1640; 6894245030; 50
1640; 7410735009; 50
1640; 7919775727; 50
2149; 13319909152; 50
2149; 13100811197; 50
2149; 12368185236; 50
2149; 12711135666; 50
2149; 13612175706; 50
2149; 12903725283; 50
2149; 12733959626; 50
2149; 12429886654; 50
2149; 11565836060; 50
2149; 12020766528; 50
2149; 11890659084; 50
2149; 12293874657; 50
2149; 12753553052; 50
2149; 12869733659; 50
2149; 12648937977; 50
2149; 12007365382; 50
2149; 11559415815; 50
2149; 11727866906; 50
2149; 11584892626; 50
2149; 13228898357; 50
2149; 11914096141; 50
2149; 12087738867; 50
2149; 12479655517; 50
2149; 12416317097; 50
2149; 11636430887; 50
2149; 11926558492; 50
2149; 13130921906; 50
2149; 12303275836; 50
2149; 13248385528; 50
2149; 13598243866; 50
2817; 20429071965; 50
2817; 21423281012; 50
2817; 20427015619; 50
2817; 22530517165; 50
2817; 19027738791; 50
2817; 20264547833; 50
2817; 20281231604; 50
2817; 20239287096; 50
2817; 19464880068; 50
2817; 20306687192; 50
2817; 18758766914; 50
2817; 20365342979; 50
2817; 21782644215; 50
2817; 20724117641; 50
2817; 22432163993; 50
2817; 19343068935; 50
2817; 21068789219; 50
2817; 21645853243; 50
2817; 20098148179; 50
2817; 20254884501; 50
2817; 20062245597; 50
2817; 19538771652; 50
2817; 19921468212; 50
2817; 21101954472; 50
2817; 20073241536; 50
2817; 20081537882; 50
2817; 19871071607; 50
2817; 21201202264; 50
2817; 21968214160; 50
2817; 20230065196; 50
3691; 32837717430; 50
3691; 33061932317; 50
3691; 31549322351; 50
3691; 31408533314; 50
3691; 34176734803; 50
3691; 31440847468; 50
3691; 30215324228; 50
3691; 33570664304; 50
3691; 34858893174; 50
3691; 33608627580; 50
3691; 31753685510; 50
3691; 30665846380; 50
3691; 31683525846; 50
3691; 34474157103; 50
3691; 35725401677; 50
3691; 31034062840; 50
3691; 33762172709; 50
3691; 32805994697; 50
3691; 34678756631; 50
3691; 33336945334; 50
3691; 29189438691; 50
3691; 32940210827; 50
3691; 34828405848; 50
3691; 32861866712; 50
3691; 31122986586; 50
3691; 32901895427; 50
3691; 32958585946; 50
3691; 35751948356; 50
3691; 34799648325; 50
3691; 37492168195; 50
4837; 55631088955; 50
4837; 59217425098; 50
4837; 52469003675; 50
4837; 55053791539; 50
4837; 55734703177; 50
4837; 56562263504; 50
4837; 51600719320; 50
4837; 56140865242; 50
4837; 55289650128; 50
4837; 54075633877; 50
4837; 51782821157; 50
4837; 57093066980; 50
4837; 56679424180; 50
4837; 56682488450; 50
4837; 58817492773; 50
4837; 56747408994; 50
4837; 62077342358; 50
4837; 54560320942; 50
4837; 54417227724; 50
4837; 56233353078; 50
4837; 53483688842; 50
4837; 53383463080; 50
4837; 55811957367; 50
4837; 55490585502; 50
4837; 61806073153; 50
4837; 57959190975; 50
4837; 54336024928; 50
4837; 54447538154; 50
4837; 55778115418; 50
4837; 52215366109; 50
6338; 90535399816; 50
6338; 89322968398; 50
6338; 89484895308; 50
6338; 92004934073; 50
6338; 95279422162; 50
6338; 85172805890; 50
6338; 93019733354; 50
6338; 95106349495; 50
6338; 90353959310; 50
6338; 97198193358; 50
6338; 85063004637; 50
6338; 98453930977; 50
6338; 90790601999; 50
6338; 86308955699; 50
6338; 91561547598; 50
6338; 90502268557; 50
6338; 98298869424; 50
6338; 87509867882; 50
6338; 93073508039; 50
6338; 89177572570; 50
6338; 90448240143; 50
6338; 92716260564; 50
6338; 93111070273; 50
6338; 96607240550; 50
6338; 92598152969; 50
6338; 88472493429; 50
6338; 90659002918; 50
6338; 90198837719; 50
6338; 93181003529; 50
6338; 89375480515; 50
8306; 155456366634; 50
8306; 144901460961; 50
8306; 147875402213; 50
8306; 162175274167; 50
8306; 148478883466; 50
8306; 154807933658; 50
8306; 158322613996; 50
8306; 161265899058; 50
8306; 159281360863; 50
8306; 158796332153; 50
8306; 179354872209; 50
8306; 183643999447; 50
8306; 187904356806; 50
8306; 179871011354; 50
8306; 179868193762; 50
8306; 142312884717; 50
8306; 153807857052; 50
8306; 161228975289; 50
8306; 152984975873; 50
8306; 156245581441; 50
8306; 145774289448; 50
8306; 156343020411; 50
8306; 158657606948; 50
8306; 160798021574; 50
8306; 155241795927; 50
8306; 152328316240; 50
8306; 159654855881; 50
8306; 157321198622; 50
8306; 158588593755; 50
8306; 159294671494; 50
10884; 245951371856; 50
10884; 286397173919; 50
10884; 258643217322; 50
10884; 258740105093; 50
10884; 283802734323; 50
10884; 250696274708; 50
10884; 267504892879; 50
10884; 261434966579; 50
10884; 263734098449; 50
10884; 264763644975; 50
10884; 267276062551; 50
10884; 273139602258; 50
10884; 271779265134; 50
10884; 284257110211; 50
10884; 291874011122; 50
10884; 323034366573; 50
10884; 316180613601; 50
10884; 346585327075; 50
10884; 316398656037; 50
10884; 307644454795; 50
10884; 269331644807; 50
10884; 256866011396; 50
10884; 263071693987; 50
10884; 264203524295; 50
10884; 270068234257; 50
10884; 284776245913; 50
10884; 275528240415; 50
10884; 284150872144; 50
10884; 288071560210; 50
10884; 279056663389; 50
14263; 436968041900; 50
14263; 445698577866; 50
14263; 478013793900; 50
14263; 476031255982; 50
14263; 470385754003; 50
14263; 449976754586; 50
14263; 465589617435; 50
14263; 460072988727; 50
14263; 472370644019; 50
14263; 471572575452; 50
14263; 450240383386; 50
14263; 462240257331; 50
14263; 472863169824; 50
14263; 456009448166; 50
14263; 473346085537; 50
14263; 435745145844; 50
14263; 450269567454; 50
14263; 449155106121; 50
14263; 468130056253; 50
14263; 469715508348; 50
14263; 433948663362; 50
14263; 422902661375; 50
14263; 458681356643; 50
14263; 447224436704; 50
14263; 454806530824; 50
14263; 441953880649; 50
14263; 461659512554; 50
14263; 473310206676; 50
14263; 427397389377; 50
14263; 455683140141; 50
18690; 768044290953; 50
18690; 735560322445; 50
18690; 751120629185; 50
18690; 773721041252; 50
18690; 771164556251; 50
18690; 776270255630; 50
18690; 787823270555; 50
18690; 799931153940; 50
18690; 818667053739; 50
18690; 804204088293; 50
18690; 771778762016; 50
18690; 816237131843; 50
18690; 835019317542; 50
18690; 830479901563; 50
18690; 850664733457; 50
18690; 867283750150; 50
18690; 839631269063; 50
18690; 893870385315; 50
18690; 920171295150; 50
18690; 954368061202; 50
18690; 940237571572; 50
18690; 913489933481; 50
18690; 922195259468; 50
18690; 871102296168; 50
18690; 890040196939; 50
18690; 765947189467; 50
18690; 738294785633; 50
18690; 757980721988; 50
18690; 788231546779; 50
18690; 798221516865; 50
24491; 1310270918196; 50
24491; 1362048826885; 50
24491; 1282300431507; 50
24491; 1307675766560; 50
24491; 1385424136954; 50
24491; 1290481796375; 50
24491; 1269674594714; 50
24491; 1304629318112; 50
24491; 1311014511386; 50
24491; 1306683075412; 50
24491; 1309746675171; 50
24491; 1370445523972; 50
24491; 1418253993570; 50
24491; 1428384717025; 50
24491; 1339099487054; 50
24491; 1328727256242; 50
24491; 1307571228256; 50
24491; 1338289373230; 50
24491; 1348967652994; 50
24491; 1369569077103; 50
24491; 1294411754729; 50
24491; 1311997877581; 50
24491; 1260804600676; 50
24491; 1280427513973; 50
24491; 1385386763034; 50
24491; 1316768185802; 50
24491; 1409363074650; 50
24491; 1351737494288; 50
24491; 1299586615247; 50
24491; 1339723806705; 50
32093; 2247656676502; 50
32093; 2238487707038; 50
32093; 2297274432211; 50
32093; 2235111352933; 50
32093; 2336244831481; 50
32093; 2193272415789; 50
32093; 2285158542646; 50
32093; 2332073086539; 50
32093; 2230754191254; 50
32093; 2285153002272; 50
32093; 2367142896030; 50
32093; 2305303541800; 50
32093; 2175563383075; 50
32093; 2280989722326; 50
32093; 2246689385491; 50
32093; 2173006440907; 50
32093; 2370299372538; 50
32093; 2296234458857; 50
32093; 2135204528047; 50
32093; 2343348768769; 50
32093; 2148021812187; 50
32093; 2324333755178; 50
32093; 2197736627583; 50
32093; 2279040312086; 50
32093; 2279227382147; 50
32093; 2285410374767; 50
32093; 2239069594062; 50
32093; 2326210079072; 50
32093; 2458702473832; 50
32093; 2402734267226; 50
83; 22884668; 10
64; 9944750; 10
83; 18870054; 10
64; 17458284; 10
83; 20387558; 10
64; 15903800; 10
64; 17725134; 10
64; 18896486; 10
83; 19255646; 10
64; 10278286; 10
83; 26152500; 10
64; 14177264; 10
64; 9043855; 10
64; 16687267; 10
83; 14553128; 10
64; 12410212; 10
83; 21955155; 10
64; 13754480; 10
64; 16602585; 10
83; 14209770; 10
83; 16362341; 10
83; 12424067; 10
64; 19584154; 10
64; 16810074; 10
64; 15392190; 10
64; 14634455; 10
83; 20085422; 10
64; 14448004; 10
83; 14326574; 10
64; 16838612; 10
64; 11166810; 10
83; 14326812; 10
64; 17565699; 10
64; 16293941; 10
83; 18037870; 10
64; 11176177; 10
83; 18531516; 10
64; 17182863; 10
83; 20000654; 10
64; 10691386; 10
64; 17341136; 10
83; 18526421; 10
64; 18754935; 10
64; 17633399; 10
83; 22573091; 10
83; 23278288; 10
64; 18286587; 10
83; 21461632; 10
64; 16924783; 10
64; 19111419; 10
83; 20333278; 10
83; 18356139; 10
83; 19809189; 10
83; 20122850; 10
83; 15257331; 10
83; 18616161; 10
83; 15511427; 10
83; 20715844; 10
83; 20254347; 10
83; 23071150; 10
109; 22152692; 10
109; 21603522; 10
109; 13744932; 10
109; 28003100; 10
109; 26702921; 10
109; 23915199; 10
109; 25300063; 10
109; 16713829; 10
109; 25231913; 10
109; 30753275; 10
109; 22055235; 10
109; 21638473; 10
109; 32169172; 10
109; 19885068; 10
109; 28818152; 10
109; 25693689; 10
109; 25922412; 10
109; 25646542; 10
109; 22847462; 10
109; 24753077; 10
109; 25046141; 10
109; 18464123; 10
109; 31520096; 10
109; 25422893; 10
109; 25592865; 10
109; 18420751; 10
109; 27567181; 10
109; 26488315; 10
109; 24231641; 10
109; 25875596; 10
144; 30598824; 10
144; 32401997; 10
144; 37991264; 10
144; 34621193; 10
144; 35925392; 10
144; 32213066; 10
144; 40740489; 10
144; 35222754; 10
144; 39751266; 10
144; 32750213; 10
144; 41513961; 10
144; 34650677; 10
144; 37082697; 10
144; 27975868; 10
144; 40387964; 10
144; 40746547; 10
144; 32109285; 10
144; 35859345; 10
144; 33158454; 10
144; 37017455; 10
144; 29550078; 10
144; 26571851; 10
144; 40988444; 10
144; 32697392; 10
144; 37207922; 10
144; 31896436; 10
144; 33031028; 10
144; 28772376; 10
144; 32887932; 10
144; 40138143; 10
188; 51298613; 10
188; 49712934; 10
188; 48961747; 10
188; 42837889; 10
188; 60536930; 10
188; 59142129; 10
188; 61513796; 10
188; 54273496; 10
188; 52429184; 10
188; 56155409; 10
188; 67640909; 10
188; 62002453; 10
188; 66065357; 10
188; 70554528; 10
188; 66880941; 10
188; 77441420; 10
188; 77140353; 10
188; 54597245; 10
188; 72405678; 10
188; 60808580; 10
188; 54455500; 10
188; 55836521; 10
188; 56315412; 10
188; 59920727; 10
188; 48036540; 10
188; 59504619; 10
188; 54755308; 10
188; 59389654; 10
188; 59070930; 10
188; 53488082; 10
247; 75341945; 10
247; 77233486; 10
247; 75836674; 10
247; 81376372; 10
247; 75060189; 10
247; 91082302; 10
247; 102140956; 10
247; 86708312; 10
247; 100407898; 10
247; 84006389; 10
247; 73214785; 10
247; 78734160; 10
247; 68652724; 10
247; 74897381; 10
247; 85068572; 10
247; 90543617; 10
247; 91618276; 10
247; 89004146; 10
247; 84554804; 10
247; 96168158; 10
247; 70088519; 10
247; 63229037; 10
247; 72181408; 10
247; 82067937; 10
247; 75227369; 10
247; 70731222; 10
247; 77874590; 10
247; 89923636; 10
247; 85607363; 10
247; 82327437; 10
324; 95905536; 10
324; 127924445; 10
324; 109769038; 10
324; 135856836; 10
324; 124092010; 10
324; 139064765; 10
324; 121667688; 10
324; 146570927; 10
324; 131745384; 10
324; 124357460; 10
324; 109463243; 10
324; 97214531; 10
324; 100003956; 10
324; 112532370; 10
324; 123096382; 10
324; 95459578; 10
324; 140093630; 10
324; 141928064; 10
324; 133385268; 10
324; 132944310; 10
324; 123464006; 10
324; 93526980; 10
324; 129903508; 10
324; 118657362; 10
324; 138470008; 10
324; 152039771; 10
324; 139036854; 10
324; 127633060; 10
324; 125743089; 10
324; 169317727; 10
424; 159740119; 10
424; 183991626; 10
424; 166351719; 10
424; 178299109; 10
424; 201074495; 10
424; 188597970; 10
424; 169794580; 10
424; 177319643; 10
424; 211499574; 10
424; 174884200; 10
424; 211436859; 10
424; 196003650; 10
424; 172381347; 10
424; 161264825; 10
424; 204655483; 10
424; 163667047; 10
424; 218400365; 10
424; 215119486; 10
424; 182832627; 10
424; 186494881; 10
424; 205223023; 10
424; 172986984; 10
424; 174879749; 10
424; 178739126; 10
424; 187468646; 10
424; 163448124; 10
424; 187743797; 10
424; 182069841; 10
424; 182308551; 10
424; 159668696; 10
556; 263064422; 10
556; 288250593; 10
556; 303299467; 10
556; 265963789; 10
556; 259226464; 10
556; 271679095; 10
556; 290107944; 10
556; 284961126; 10
556; 275973037; 10
556; 328740703; 10
556; 242411810; 10
556; 238498483; 10
556; 282112513; 10
556; 295428500; 10
556; 246759555; 10
556; 267869709; 10
556; 262760013; 10
556; 244125880; 10
556; 272948858; 10
556; 261244188; 10
556; 270312377; 10
556; 260019181; 10
556; 262683846; 10
556; 292906101; 10
556; 258690041; 10
556; 286504961; 10
556; 257963076; 10
556; 275655846; 10
556; 331979382; 10
556; 273375760; 10
729; 416615412; 10
729; 410046717; 10
729; 396552004; 10
729; 430982832; 10
729; 408297767; 10
729; 428635842; 10
729; 425151753; 10
729; 385689609; 10
729; 417865348; 10
729; 429516420; 10
729; 316226036; 10
729; 383507607; 10
729; 447924567; 10
729; 427250031; 10
729; 414299191; 10
729; 410180385; 10
729; 457005717; 10
729; 462911312; 10
729; 512702230; 10
729; 487091445; 10
729; 347448196; 10
729; 449718940; 10
729; 368762339; 10
729; 470235995; 10
729; 458695026; 10
729; 414066358; 10
729; 402126700; 10
729; 520668276; 10
729; 470340648; 10
729; 471236592; 10
955; 618893181; 10
955; 663879386; 10
955; 735361305; 10
955; 691689535; 10
955; 697784104; 10
955; 661250977; 10
955; 667895161; 10
955; 671569587; 10
955; 840808871; 10
955; 613197821; 10
955; 836726629; 10
955; 714063575; 10
955; 643953634; 10
955; 654994522; 10
955; 738314289; 10
955; 623824724; 10
955; 748132482; 10
955; 759196676; 10
955; 695737393; 10
955; 711119800; 10
955; 703012975; 10
955; 610288493; 10
955; 725096887; 10
955; 707392957; 10
955; 726226412; 10
955; 657613925; 10
955; 721575989; 10
955; 745481753; 10
955; 653473922; 10
955; 623460283; 10
1251; 1110847345; 10
1251; 1001918698; 10
1251; 1161478313; 10
1251; 1032123497; 10
1251; 1165501173; 10
1251; 1178172978; 10
1251; 1171375327; 10
1251; 1158957925; 10
1251; 1358259585; 10
1251; 1166437073; 10
1251; 1105227510; 10
1251; 959362794; 10
1251; 984674269; 10
1251; 1136394768; 10
1251; 1198835897; 10
1251; 1291280403; 10
1251; 1087099354; 10
1251; 1074820452; 10
1251; 1046847554; 10
1251; 1304045178; 10
1251; 1101875423; 10
1251; 988296943; 10
1251; 1149783553; 10
1251; 1067676178; 10
1251; 1000696870; 10
1251; 1076632934; 10
1251; 1095168704; 10
1251; 1168051555; 10
1251; 1137188870; 10
1251; 1160743006; 10
1640; 1544682558; 10
1640; 1738094223; 10
1640; 1746655711; 10
1640; 1928491761; 10
1640; 1781927269; 10
1640; 1801036821; 10
1640; 1697668955; 10
1640; 1916685606; 10
1640; 1857619065; 10
1640; 2095826441; 10
1640; 1797802718; 10
1640; 1697082873; 10
1640; 1906445288; 10
1640; 1821871114; 10
1640; 1673275785; 10
1640; 1632605789; 10
1640; 1733725888; 10
1640; 1619761104; 10
1640; 1595423144; 10
1640; 1621095889; 10
1640; 1691123107; 10
1640; 1908034003; 10
1640; 1880002754; 10
1640; 1729772304; 10
1640; 1594201937; 10
1640; 1717272904; 10
1640; 1510072354; 10
1640; 1671018419; 10
1640; 1653051704; 10
1640; 1759594145; 10
2149; 2658786333; 10
2149; 2864372932; 10
2149; 2648638978; 10
2149; 2660843433; 10
2149; 2503105849; 10
2149; 2921947816; 10
2149; 2979471133; 10
2149; 2979972964; 10
2149; 2982823989; 10
2149; 2990330735; 10
2149; 2808555306; 10
2149; 2638963866; 10
2149; 2850617851; 10
2149; 2729640278; 10
2149; 2605999712; 10
2149; 2865466537; 10
2149; 2883765690; 10
2149; 2760922644; 10
2149; 3011395506; 10
2149; 3329223683; 10
2149; 2650281535; 10
2149; 2725947134; 10
2149; 2919520239; 10
2149; 2725663769; 10
2149; 2787092410; 10
2149; 3219596744; 10
2149; 3195266054; 10
2149; 3141993070; 10
2149; 3477471182; 10
2149; 3402469467; 10
2817; 4112043555; 10
2817; 4449778451; 10
2817; 4301573948; 10
2817; 4533646753; 10
2817; 4952663586; 10
2817; 4946319077; 10
2817; 4752430019; 10
2817; 4853057799; 10
2817; 5180186000; 10
2817; 5595958318; 10
2817; 4347242171; 10
2817; 4308830113; 10
2817; 4326479035; 10
2817; 4693726210; 10
2817; 4675655494; 10
2817; 4872559489; 10
2817; 4713157957; 10
2817; 4966125151; 10
2817; 5400542967; 10
2817; 4097827993; 10
2817; 4801374263; 10
2817; 4126864650; 10
2817; 4432825041; 10
2817; 4427103700; 10
2817; 4575583309; 10
2817; 4827095548; 10
2817; 5025866272; 10
2817; 5184625043; 10
2817; 4163829880; 10
2817; 5252509356; 10
3691; 6713382826; 10
3691; 7139695318; 10
3691; 8636233425; 10
3691; 6895094986; 10
3691; 7679270130; 10
3691; 6491314776; 10
3691; 7965832150; 10
3691; 7981663909; 10
3691; 8350190612; 10
3691; 8721278667; 10
3691; 6589924187; 10
3691; 6581867926; 10
3691; 7084697823; 10
3691; 7937657932; 10
3691; 8029870555; 10
3691; 7438581200; 10
3691; 7741063413; 10
3691; 8066533896; 10
3691; 8097495570; 10
3691; 7738619081; 10
3691; 7106179384; 10
3691; 6844330684; 10
3691; 7055571794; 10
3691; 7894838047; 10
3691; 8393558195; 10
3691; 7241717609; 10
3691; 8467188636; 10
3691; 7541518360; 10
3691; 8903478232; 10
3691; 9288891683; 10
4837; 12545713319; 10
4837; 12898068840; 10
4837; 12595845481; 10
4837; 10679966568; 10
4837; 13079386903; 10
4837; 13968889406; 10
4837; 13339362800; 10
4837; 14547659442; 10
4837; 13076835106; 10
4837; 14919874044; 10
4837; 11422922231; 10
4837; 11351776271; 10
4837; 11987366112; 10
4837; 12392042461; 10
4837; 13719781189; 10
4837; 13378694768; 10
4837; 14344074830; 10
4837; 13893243522; 10
4837; 11295806726; 10
4837; 14375887001; 10
4837; 13953013115; 10
4837; 11271731818; 10
4837; 14359763141; 10
4837; 11098429037; 10
4837; 14214574384; 10
4837; 13579804689; 10
4837; 15439725844; 10
4837; 11486215549; 10
4837; 14566630398; 10
4837; 12776458101; 10
6338; 19096800687; 10
6338; 23319057258; 10
6338; 19822019154; 10
6338; 23147378493; 10
6338; 19297963568; 10
6338; 21996656198; 10
6338; 22824495548; 10
6338; 23680952872; 10
6338; 21849626883; 10
6338; 22529710582; 10
6338; 19454423553; 10
6338; 23346548511; 10
6338; 20149682545; 10
6338; 24001688352; 10
6338; 21896213331; 10
6338; 23109407278; 10
6338; 18971537575; 10
6338; 21220766658; 10
6338; 19640507549; 10
6338; 23098305084; 10
6338; 21359400791; 10
6338; 24122725914; 10
6338; 25560779416; 10
6338; 18536102576; 10
6338; 24146974189; 10
6338; 20224652710; 10
6338; 22959047833; 10
6338; 19332836449; 10
6338; 21428079166; 10
6338; 23297667593; 10
8306; 34009969535; 10
8306; 33358955604; 10
8306; 31311212319; 10
8306; 32626988493; 10
8306; 40442275816; 10
8306; 40973051782; 10
8306; 36680094099; 10
8306; 38887445370; 10
8306; 41174796003; 10
8306; 37493214320; 10
8306; 32847961440; 10
8306; 30784026389; 10
8306; 32096197114; 10
8306; 36516903978; 10
8306; 38262749353; 10
8306; 36047245545; 10
8306; 38580834648; 10
8306; 41524491825; 10
8306; 38348871529; 10
8306; 39872350623; 10
8306; 38025046100; 10
8306; 34344788458; 10
8306; 38502340767; 10
8306; 36573740707; 10
8306; 39790272183; 10
8306; 33208530218; 10
8306; 40478097853; 10
8306; 40769089169; 10
8306; 38442517487; 10
8306; 39528944355; 10
10884; 51702501640; 10
10884; 57700322979; 10
10884; 64056285559; 10
10884; 65890930323; 10
10884; 55309209472; 10
10884; 55014630029; 10
10884; 66026516587; 10
10884; 65498814485; 10
10884; 66907901417; 10
10884; 70015716720; 10
10884; 64218718286; 10
10884; 67451996682; 10
10884; 66477834386; 10
10884; 65195970666; 10
10884; 59190504621; 10
10884; 62447080517; 10
10884; 57321547010; 10
10884; 58398594471; 10
10884; 61341516915; 10
10884; 60044089507; 10
10884; 56169484516; 10
10884; 60640380542; 10
10884; 66922680798; 10
10884; 61849516613; 10
10884; 68537613698; 10
10884; 58835763499; 10
10884; 64749614165; 10
10884; 66294545066; 10
10884; 68527879356; 10
10884; 65546803968; 10
14263; 103932461068; 10
14263; 102198585823; 10
14263; 97766068131; 10
14263; 102262750812; 10
14263; 95561832704; 10
14263; 107953282333; 10
14263; 108152076110; 10
14263; 92643846454; 10
14263; 101235925250; 10
14263; 101897696277; 10
14263; 94995356386; 10
14263; 96634324241; 10
14263; 99739669401; 10
14263; 99980507819; 10
14263; 103881370488; 10
14263; 101656054066; 10
14263; 106417734029; 10
14263; 100155444633; 10
14263; 109017797121; 10
14263; 107715064459; 10
14263; 90822503040; 10
14263; 102432837533; 10
14263; 94046454230; 10
14263; 104206869095; 10
14263; 102312360218; 10
14263; 110714169351; 10
14263; 102413361891; 10
14263; 100734020909; 10
14263; 110038107864; 10
14263; 103633209018; 10
18690; 162972217765; 10
18690; 167393049232; 10
18690; 155347070032; 10
18690; 178858858411; 10
18690; 177622886900; 10
18690; 184477125186; 10
18690; 185481806956; 10
18690; 182070392942; 10
18690; 181958863420; 10
18690; 190912902273; 10
18690; 178690582237; 10
18690; 169587104434; 10
18690; 172623248630; 10
18690; 181296617763; 10
18690; 162236610919; 10
18690; 181813635509; 10
18690; 187968274600; 10
18690; 154585357461; 10
18690; 172908636562; 10
18690; 183472334421; 10
18690; 164304467345; 10
18690; 161967851982; 10
18690; 177741029673; 10
18690; 176270746930; 10
18690; 185567714689; 10
18690; 175447248486; 10
18690; 187881268174; 10
18690; 192175466764; 10
18690; 187992883172; 10
18690; 180054764074; 10
24491; 282576804799; 10
24491; 311484305627; 10
24491; 297413599514; 10
24491; 284734410002; 10
24491; 287622833836; 10
24491; 279663817826; 10
24491; 295364800279; 10
24491; 304634134671; 10
24491; 287732661288; 10
24491; 299040482073; 10
24491; 267622584915; 10
24491; 280924825584; 10
24491; 269182581440; 10
24491; 305926954759; 10
24491; 288802365312; 10
24491; 280329304211; 10
24491; 265653216727; 10
24491; 300659012421; 10
24491; 309667737260; 10
24491; 312630436662; 10
24491; 290471736733; 10
24491; 275482012065; 10
24491; 287608085984; 10
24491; 320232967914; 10
24491; 320590208665; 10
24491; 335744430670; 10
24491; 344435349889; 10
24491; 336089180256; 10
24491; 324848285910; 10
24491; 320020939886; 10
32093; 452738472242; 10
32093; 462504571981; 10
32093; 471412022979; 10
32093; 458095431773; 10
32093; 483769774527; 10
32093; 550940048350; 10
32093; 498654773150; 10
32093; 536628464292; 10
32093; 540477765407; 10
32093; 530024742298; 10
32093; 467219335477; 10
32093; 459329994294; 10
32093; 454833600857; 10
32093; 514945266849; 10
32093; 498027634489; 10
32093; 511554084922; 10
32093; 512745027477; 10
32093; 521641454450; 10
32093; 514394863546; 10
32093; 509493439081; 10
32093; 494133099869; 10
32093; 463572080562; 10
32093; 483933860128; 10
32093; 456500602516; 10
32093; 500732809786; 10
32093; 489368369264; 10
32093; 452233181212; 10
32093; 496915612371; 10
32093; 508710549561; 10
32093; 534125357285; 10
83; 9274918; 5
109; 21597849; 5
83; 9602429; 5
64; 12740597; 5
64; 10774244; 5
83; 9481907; 5
64; 10471155; 5
64; 10201212; 5
83; 9955472; 5
109; 19291181; 5
83; 8548857; 5
64; 7366691; 5
83; 9649162; 5
64; 9698840; 5
64; 8766309; 5
83; 9287955; 5
83; 9168060; 5
83; 9599659; 5
64; 7842973; 5
64; 9284030; 5
64; 15077949; 5
83; 10578927; 5
64; 9547955; 5
83; 9645124; 5
83; 8883070; 5
64; 15121943; 5
83; 8984841; 5
64; 12569279; 5
109; 13642224; 5
83; 8850688; 5
64; 10726777; 5
83; 10181687; 5
64; 10009328; 5
83; 9508115; 5
83; 9870697; 5
109; 10391116; 5
83; 10172692; 5
64; 9942611; 5
83; 8576002; 5
83; 9694453; 5
64; 6932166; 5
83; 15729757; 5
109; 14129748; 5
83; 9812845; 5
64; 8646363; 5
83; 16608328; 5
83; 9927552; 5
64; 10667188; 5
83; 7507677; 5
64; 13646963; 5
64; 7756850; 5
109; 15811979; 5
83; 9421116; 5
64; 9815714; 5
64; 8144617; 5
83; 8925533; 5
64; 10254319; 5
83; 8956617; 5
109; 21106758; 5
64; 14137031; 5
83; 10540937; 5
64; 9105495; 5
83; 16217517; 5
64; 6717536; 5
64; 14203187; 5
64; 6060193; 5
64; 14216233; 5
109; 19988978; 5
109; 14400412; 5
109; 13795210; 5
109; 23377024; 5
109; 17043284; 5
109; 16913782; 5
109; 25669072; 5
109; 19854550; 5
109; 20126256; 5
109; 22016102; 5
109; 17381836; 5
109; 18784981; 5
109; 16910834; 5
109; 14231160; 5
109; 19071762; 5
109; 12714375; 5
109; 17853167; 5
109; 20115214; 5
109; 19189398; 5
109; 14526816; 5
109; 15534827; 5
109; 13643416; 5
109; 24411340; 5
144; 19347480; 5
144; 22960213; 5
144; 22671244; 5
144; 19763190; 5
144; 17114208; 5
144; 19506519; 5
144; 21023068; 5
144; 20661741; 5
144; 25579737; 5
144; 16680319; 5
144; 22573972; 5
144; 19851263; 5
144; 20838452; 5
144; 24063322; 5
144; 22621042; 5
144; 18004076; 5
144; 19204952; 5
144; 22796044; 5
144; 25355014; 5
144; 21101206; 5
144; 17875512; 5
144; 23554375; 5
144; 18768485; 5
144; 24084105; 5
144; 21084129; 5
144; 17635637; 5
144; 25453038; 5
144; 23140699; 5
144; 17807462; 5
144; 25241016; 5
188; 33691761; 5
188; 30485784; 5
188; 35857558; 5
188; 38520504; 5
188; 28247552; 5
188; 35362775; 5
188; 24343716; 5
188; 29068060; 5
188; 29260305; 5
188; 32313006; 5
188; 27395637; 5
188; 32819763; 5
188; 28106381; 5
188; 36048045; 5
188; 32994230; 5
188; 33758315; 5
188; 34564858; 5
188; 38525875; 5
188; 38867979; 5
188; 39703231; 5
188; 28820081; 5
188; 31137843; 5
188; 27422986; 5
188; 34892910; 5
188; 36813551; 5
188; 41309157; 5
188; 37520568; 5
188; 32054903; 5
188; 30244858; 5
188; 30983754; 5
247; 39556161; 5
247; 50746971; 5
247; 52518940; 5
247; 47086410; 5
247; 61702837; 5
247; 50044131; 5
247; 48393311; 5
247; 42260595; 5
247; 49699802; 5
247; 46231003; 5
247; 42065999; 5
247; 44214169; 5
247; 44894687; 5
247; 41903389; 5
247; 46137921; 5
247; 41929829; 5
247; 44856530; 5
247; 48172009; 5
247; 50519031; 5
247; 45236629; 5
247; 40656682; 5
247; 30896222; 5
247; 44557182; 5
247; 39531111; 5
247; 35451631; 5
247; 42266261; 5
247; 40003513; 5
247; 43668005; 5
247; 53071339; 5
247; 50097763; 5
324; 62604734; 5
324; 74864501; 5
324; 68217203; 5
324; 70865920; 5
324; 64811882; 5
324; 68921918; 5
324; 66719912; 5
324; 64525854; 5
324; 89779402; 5
324; 70949449; 5
324; 63549294; 5
324; 58118722; 5
324; 62009971; 5
324; 58839744; 5
324; 65840150; 5
324; 62140483; 5
324; 63525246; 5
324; 81082654; 5
324; 77124092; 5
324; 85635218; 5
324; 70710097; 5
324; 67661837; 5
324; 65576312; 5
324; 76386941; 5
324; 82585244; 5
324; 66991518; 5
324; 64077296; 5
324; 67058336; 5
324; 64060734; 5
324; 85961990; 5
424; 105554136; 5
424; 98682565; 5
424; 117599588; 5
424; 114249199; 5
424; 123973954; 5
424; 102679877; 5
424; 105391419; 5
424; 112128916; 5
424; 105641281; 5
424; 104801691; 5
424; 107840901; 5
424; 92440679; 5
424; 115812166; 5
424; 109737612; 5
424; 108499706; 5
424; 102358449; 5
424; 119405792; 5
424; 98988688; 5
424; 122699635; 5
424; 95444788; 5
424; 88509586; 5
424; 101538710; 5
424; 89320511; 5
424; 89490757; 5
424; 87011266; 5
424; 103465575; 5
424; 113459116; 5
424; 115039069; 5
424; 103784617; 5
424; 101812732; 5
556; 143702239; 5
556; 154980941; 5
556; 142215325; 5
556; 170888827; 5
556; 162726016; 5
556; 137863716; 5
556; 160494786; 5
556; 156599462; 5
556; 181344849; 5
556; 177454786; 5
556; 133583935; 5
556; 141086327; 5
556; 141620327; 5
556; 152115384; 5
556; 152260500; 5
556; 156438064; 5
556; 145393340; 5
556; 170092799; 5
556; 165958359; 5
556; 147945781; 5
556; 149817293; 5
556; 152577349; 5
556; 158491229; 5
556; 171108337; 5
556; 163139742; 5
556; 160638447; 5
556; 188548291; 5
556; 169065854; 5
556; 143226354; 5
556; 157595191; 5
729; 209701732; 5
729; 232945504; 5
729; 213285279; 5
729; 217526386; 5
729; 201831158; 5
729; 254372225; 5
729; 233365807; 5
729; 239660213; 5
729; 257406152; 5
729; 239979931; 5
729; 255554676; 5
729; 212497099; 5
729; 219903789; 5
729; 243865704; 5
729; 247483505; 5
729; 200194623; 5
729; 228758403; 5
729; 246949185; 5
729; 270254759; 5
729; 303629190; 5
729; 239352799; 5
729; 206047125; 5
729; 197333065; 5
729; 229560655; 5
729; 251696206; 5
729; 220222274; 5
729; 212861193; 5
729; 256539759; 5
729; 238339380; 5
729; 251413689; 5
955; 346312658; 5
955; 355177613; 5
955; 360358451; 5
955; 383639963; 5
955; 348975058; 5
955; 349655529; 5
955; 375782768; 5
955; 342122564; 5
955; 432071047; 5
955; 387811229; 5
955; 298211238; 5
955; 341636458; 5
955; 301729439; 5
955; 374603673; 5
955; 314188084; 5
955; 364135478; 5
955; 400598233; 5
955; 429429570; 5
955; 330866094; 5
955; 433401639; 5
955; 350839557; 5
955; 313302977; 5
955; 367669133; 5
955; 367835674; 5
955; 353196111; 5
955; 363183560; 5
955; 408840422; 5
955; 361041233; 5
955; 404420212; 5
955; 330464800; 5
1251; 514030078; 5
1251; 621284943; 5
1251; 626167581; 5
1251; 532159899; 5
1251; 517270725; 5
1251; 533645367; 5
1251; 643662843; 5
1251; 602908763; 5
1251; 621182559; 5
1251; 642713811; 5
1251; 543733489; 5
1251; 550300697; 5
1251; 521154492; 5
1251; 628860960; 5
1251; 596648537; 5
1251; 571949187; 5
1251; 615188156; 5
1251; 586765449; 5
1251; 607234362; 5
1251; 620732106; 5
1251; 523175401; 5
1251; 607357162; 5
1251; 607450180; 5
1251; 568271905; 5
1251; 700322257; 5
1251; 560075690; 5
1251; 624426962; 5
1251; 583905241; 5
1251; 589165630; 5
1251; 636457636; 5
1640; 804835552; 5
1640; 937875822; 5
1640; 874221389; 5
1640; 910880279; 5
1640; 1074127768; 5
1640; 1081943702; 5
1640; 957869788; 5
1640; 1084553596; 5
1640; 1209081269; 5
1640; 1106752353; 5
1640; 866759260; 5
1640; 912487553; 5
1640; 958732613; 5
1640; 987475670; 5
1640; 983440192; 5
1640; 942678913; 5
1640; 1095052415; 5
1640; 987909151; 5
1640; 841188987; 5
1640; 940675164; 5
1640; 934730625; 5
1640; 830950515; 5
1640; 1009952994; 5
1640; 906025891; 5
1640; 880571165; 5
1640; 950103692; 5
1640; 822799098; 5
1640; 910404545; 5
1640; 931598079; 5
1640; 997404204; 5
2149; 1482657761; 5
2149; 1484617977; 5
2149; 1542104761; 5
2149; 1624318275; 5
2149; 1567534516; 5
2149; 1399644783; 5
2149; 1531909042; 5
2149; 1775533874; 5
2149; 1659292752; 5
2149; 1697101340; 5
2149; 1397539856; 5
2149; 1443062588; 5
2149; 1347571813; 5
2149; 1323417925; 5
2149; 1534822168; 5
2149; 1545845747; 5
2149; 1544069773; 5
2149; 1566775088; 5
2149; 1748828785; 5
2149; 1760954323; 5
2149; 1396019890; 5
2149; 1444262400; 5
2149; 1400009172; 5
2149; 1413400487; 5
2149; 1400787364; 5
2149; 1617866243; 5
2149; 1797220853; 5
2149; 1821983294; 5
2149; 1801201128; 5
2149; 1731636427; 5
2817; 2170312925; 5
2817; 2389013024; 5
2817; 2356104302; 5
2817; 2321762527; 5
2817; 2762497718; 5
2817; 2724270442; 5
2817; 2647016363; 5
2817; 3078414815; 5
2817; 3022938660; 5
2817; 2752114906; 5
2817; 2444392202; 5
2817; 2112415564; 5
2817; 2313742370; 5
2817; 2413130038; 5
2817; 2716385950; 5
2817; 2680453795; 5
2817; 2848246536; 5
2817; 2499895941; 5
2817; 2847238539; 5
2817; 2267599523; 5
2817; 2568041247; 5
2817; 2732406083; 5
2817; 2147152277; 5
2817; 2215748222; 5
2817; 2828336488; 5
2817; 2327172368; 5
2817; 2279662323; 5
2817; 2553523446; 5
2817; 2776229768; 5
2817; 2714634171; 5
3691; 3680017260; 5
3691; 3845215201; 5
3691; 4789525854; 5
3691; 4777433477; 5
3691; 3745860473; 5
3691; 4231141515; 5
3691; 3701807775; 5
3691; 4348588681; 5
3691; 4246798427; 5
3691; 4359541578; 5
3691; 3447658887; 5
3691; 3325566356; 5
3691; 4301821027; 5
3691; 4391192946; 5
3691; 3514129814; 5
3691; 3539434903; 5
3691; 4182647408; 5
3691; 3482397847; 5
3691; 4330688847; 5
3691; 4645204525; 5
3691; 4216164546; 5
3691; 3581072001; 5
3691; 3501503886; 5
3691; 4137258830; 5
3691; 4081246154; 5
3691; 3602575576; 5
3691; 3755549635; 5
3691; 3973894056; 5
3691; 4397538454; 5
3691; 4505979137; 5
4837; 6859744288; 5
4837; 6996946130; 5
4837; 6124407909; 5
4837; 5926141952; 5
4837; 6940646894; 5
4837; 7053881179; 5
4837; 6104744193; 5
4837; 6833561677; 5
4837; 8449873459; 5
4837; 8629123574; 5
4837; 7311098723; 5
4837; 6117532842; 5
4837; 7252165878; 5
4837; 6617263252; 5
4837; 6751678815; 5
4837; 6297051314; 5
4837; 7747774641; 5
4837; 7036758273; 5
4837; 7609627062; 5
4837; 7268742183; 5
4837; 6807902935; 5
4837; 7145088460; 5
4837; 6821531457; 5
4837; 7187617717; 5
4837; 6525588977; 5
4837; 6608829659; 5
4837; 5841459159; 5
4837; 7077742548; 5
4837; 7884331270; 5
4837; 6604605217; 5
6338; 10025544817; 5
6338; 11096042840; 5
6338; 12158058946; 5
6338; 11093017753; 5
6338; 12623879176; 5
6338; 11177301318; 5
6338; 11653929389; 5
6338; 10879253833; 5
6338; 12354918200; 5
6338; 12829056957; 5
6338; 10538194466; 5
6338; 10645980241; 5
6338; 10485339945; 5
6338; 11829952034; 5
6338; 11754539471; 5
6338; 12377886295; 5
6338; 12491087441; 5
6338; 12663559227; 5
6338; 11156295048; 5
6338; 12629772498; 5
6338; 12543669777; 5
6338; 11814445341; 5
6338; 13485297820; 5
6338; 11741308371; 5
6338; 11205696586; 5
6338; 12775662268; 5
6338; 11790152849; 5
6338; 9954284976; 5
6338; 11781056932; 5
6338; 11000096450; 5
8306; 19746691508; 5
8306; 18450269862; 5
8306; 16884708845; 5
8306; 17796520140; 5
8306; 19001831847; 5
8306; 20799818420; 5
8306; 20813616387; 5
8306; 17502623090; 5
8306; 18804457687; 5
8306; 19126507233; 5
8306; 16381760165; 5
8306; 17602129137; 5
8306; 19881876662; 5
8306; 19683265311; 5
8306; 16190084666; 5
8306; 20898179145; 5
8306; 20313628211; 5
8306; 19988248134; 5
8306; 18764020724; 5
8306; 18936110021; 5
8306; 16302022196; 5
8306; 17408002271; 5
8306; 18877429023; 5
8306; 19396994856; 5
8306; 19657126749; 5
8306; 17249348489; 5
8306; 18129224601; 5
8306; 19703224181; 5
8306; 19172418403; 5
8306; 20438937983; 5
10884; 31947285602; 5
10884; 28815187487; 5
10884; 29393711611; 5
10884; 29398230206; 5
10884; 33275448469; 5
10884; 32833778317; 5
10884; 30458528256; 5
10884; 32273165754; 5
10884; 35207190967; 5
10884; 32676558336; 5
10884; 30225782085; 5
10884; 29592885030; 5
10884; 28695604858; 5
10884; 30932399737; 5
10884; 32251352948; 5
10884; 34452904982; 5
10884; 31250821798; 5
10884; 29792705074; 5
10884; 33222722298; 5
10884; 31830018497; 5
10884; 31755184784; 5
10884; 32808336760; 5
10884; 29113622381; 5
10884; 30312372086; 5
10884; 27929938699; 5
10884; 31685380613; 5
10884; 32264284584; 5
10884; 32378398730; 5
10884; 33048253875; 5
10884; 30377788586; 5
14263; 50243330609; 5
14263; 54028447276; 5
14263; 54628708969; 5
14263; 54935680952; 5
14263; 55689840048; 5
14263; 51696478146; 5
14263; 50782052457; 5
14263; 52425767285; 5
14263; 56110180913; 5
14263; 53736945384; 5
14263; 49705114146; 5
14263; 52689445774; 5
14263; 54245496524; 5
14263; 56401074263; 5
14263; 53869426825; 5
14263; 52389467494; 5
14263; 52462968384; 5
14263; 54715451535; 5
14263; 55791890382; 5
14263; 54480833450; 5
14263; 47904059863; 5
14263; 51272793075; 5
14263; 50775642007; 5
14263; 49781361072; 5
14263; 53070708839; 5
14263; 55957832873; 5
14263; 59197270730; 5
14263; 52701166205; 5
14263; 55131799754; 5
14263; 56436176029; 5
18690; 81975226557; 5
18690; 80793339753; 5
18690; 85630025620; 5
18690; 78715356168; 5
18690; 92869612359; 5
18690; 89878131053; 5
18690; 88736229178; 5
18690; 90240891900; 5
18690; 93514228939; 5
18690; 97504185729; 5
18690; 87623784539; 5
18690; 79986523677; 5
18690; 94056246268; 5
18690; 97156437107; 5
18690; 92041109291; 5
18690; 79699277225; 5
18690; 87336622506; 5
18690; 87262331530; 5
18690; 84795507829; 5
18690; 92468411438; 5
18690; 95789481562; 5
18690; 89972898893; 5
18690; 85894765990; 5
18690; 96459326749; 5
18690; 83737055309; 5
18690; 86356646454; 5
18690; 91730065114; 5
18690; 94211433782; 5
18690; 86510220940; 5
18690; 88760144626; 5
24491; 140655380090; 5
24491; 157617252166; 5
24491; 139915748574; 5
24491; 154565924459; 5
24491; 146787426364; 5
24491; 143777908844; 5
24491; 147378983757; 5
24491; 149920630493; 5
24491; 153836575114; 5
24491; 156034699621; 5
24491; 147754254847; 5
24491; 140625308523; 5
24491; 152303042111; 5
24491; 151171507511; 5
24491; 145190402078; 5
24491; 148664988480; 5
24491; 157969453555; 5
24491; 145729165104; 5
24491; 151401146794; 5
24491; 152367217056; 5
24491; 146071872082; 5
24491; 138624429465; 5
24491; 140686613220; 5
24491; 148116329770; 5
24491; 141938638805; 5
24491; 145481649910; 5
24491; 157531089608; 5
24491; 153136622315; 5
24491; 142174603036; 5
24491; 160932032786; 5
32093; 242331039356; 5
32093; 239677108139; 5
32093; 261650533824; 5
32093; 264584353345; 5
32093; 257075907976; 5
32093; 268999819500; 5
32093; 244665289211; 5
32093; 249561448425; 5
32093; 258639883557; 5
32093; 267661450010; 5
32093; 243299859602; 5
32093; 255983272704; 5
32093; 249851133359; 5
32093; 292738051945; 5
32093; 282793307358; 5
32093; 278798686821; 5
32093; 280878118982; 5
32093; 279534837399; 5
32093; 277518383023; 5
32093; 255244245279; 5
32093; 232709835870; 5
32093; 260726951474; 5
32093; 252909182860; 5
32093; 255980953619; 5
32093; 256768936936; 5
32093; 265755749184; 5
32093; 255877064139; 5
32093; 258166118562; 5
32093; 261216059765; 5
32093; 266718383309; 5
83; 6560964; 1
109; 8337988; 1
83; 6517586; 1
64; 9425734; 1
109; 7416997; 1
83; 5664549; 1
64; 6259570; 1
109; 7243859; 1
83; 6527241; 1
64; 6708922; 1
109; 11604890; 1
83; 10797982; 1
64; 8287161; 1
109; 8595707; 1
83; 8343195; 1
64; 10750379; 1
109; 10211154; 1
83; 11361352; 1
64; 6136866; 1
64; 7200842; 1
109; 16424522; 1
83; 10254472; 1
64; 6398939; 1
109; 8177689; 1
83; 6672429; 1
64; 6521115; 1
109; 12249163; 1
83; 6526842; 1
64; 9783492; 1
109; 7692329; 1
83; 6564031; 1
64; 6621705; 1
83; 6288643; 1
109; 12045222; 1
64; 9294772; 1
109; 8917223; 1
64; 5827047; 1
109; 8166754; 1
64; 9994652; 1
109; 12845370; 1
64; 8360156; 1
64; 5978942; 1
109; 8505681; 1
64; 7481641; 1
109; 7694306; 1
64; 7442340; 1
64; 5810754; 1
83; 10997461; 1
83; 6835995; 1
64; 9389226; 1
144; 14780662; 1
83; 5703348; 1
144; 16277967; 1
83; 5796686; 1
64; 4641422; 1
109; 9331494; 1
64; 8909514; 1
83; 6905720; 1
64; 10899633; 1
109; 8037407; 1
83; 7504044; 1
109; 10594909; 1
83; 6602544; 1
64; 7735412; 1
109; 9359441; 1
83; 10500021; 1
109; 7495839; 1
83; 6721959; 1
83; 6404437; 1
64; 9498514; 1
64; 10001943; 1
109; 9694852; 1
83; 11513911; 1
109; 10687159; 1
83; 5999290; 1
64; 11015510; 1
144; 10794284; 1
64; 10126839; 1
109; 7281570; 1
144; 8819554; 1
83; 10268630; 1
83; 7011261; 1
109; 12416813; 1
64; 9396046; 1
144; 9278587; 1
144; 12115387; 1
109; 7995294; 1
144; 14002091; 1
83; 9812913; 1
109; 8654899; 1
64; 8145842; 1
144; 11182052; 1
109; 11468792; 1
83; 6222717; 1
83; 6759116; 1
144; 9615542; 1
109; 13439221; 1
83; 8063832; 1
109; 9604112; 1
144; 13409760; 1
144; 9616630; 1
144; 13214224; 1
144; 9330374; 1
144; 8902888; 1
144; 10446255; 1
144; 8810374; 1
144; 12772726; 1
144; 12310345; 1
144; 10070338; 1
144; 10811849; 1
144; 9037515; 1
144; 7886795; 1
144; 8905450; 1
144; 13653265; 1
144; 8968252; 1
144; 9622948; 1
144; 15316933; 1
144; 10355917; 1
144; 13213302; 1
144; 12785348; 1
188; 10591967; 1
188; 12292397; 1
188; 15009434; 1
188; 15992304; 1
188; 12158590; 1
188; 16213287; 1
188; 14723370; 1
188; 12613350; 1
188; 15762620; 1
188; 17968447; 1
188; 15473926; 1
188; 12041882; 1
188; 15566419; 1
188; 10272476; 1
188; 16297471; 1
188; 17706999; 1
188; 14086045; 1
188; 13767381; 1
188; 11899105; 1
188; 18907592; 1
188; 15851936; 1
188; 15727098; 1
188; 12583312; 1
188; 11143560; 1
188; 15131554; 1
188; 12546160; 1
188; 11852917; 1
188; 16668089; 1
188; 11218215; 1
188; 16064253; 1
247; 18441794; 1
247; 22079128; 1
247; 23858346; 1
247; 24833110; 1
247; 18716506; 1
247; 18852989; 1
247; 18666776; 1
247; 23971541; 1
247; 20246819; 1
247; 22525542; 1
247; 17792951; 1
247; 16524363; 1
247; 21546475; 1
247; 21389997; 1
247; 23871930; 1
247; 22209832; 1
247; 25332443; 1
247; 18866962; 1
247; 23622784; 1
247; 23741501; 1
247; 18932690; 1
247; 17620716; 1
247; 14795910; 1
247; 19156135; 1
247; 16666656; 1
247; 20518148; 1
247; 16570595; 1
247; 20729235; 1
247; 22213595; 1
247; 22858473; 1
324; 28298213; 1
324; 25419585; 1
324; 28340071; 1
324; 22918401; 1
324; 26003780; 1
324; 29754201; 1
324; 29964405; 1
324; 24888918; 1
324; 25281202; 1
324; 32761693; 1
324; 22956692; 1
324; 18756004; 1
324; 22716133; 1
324; 26921776; 1
324; 26860496; 1
324; 22954848; 1
324; 23884600; 1
324; 32163839; 1
324; 31458045; 1
324; 26132100; 1
324; 28856950; 1
324; 22758635; 1
324; 26445651; 1
324; 23000759; 1
324; 25613102; 1
324; 21900114; 1
324; 34234699; 1
324; 28563844; 1
324; 30391972; 1
324; 24816231; 1
424; 32454343; 1
424; 34167056; 1
424; 31923120; 1
424; 39071056; 1
424; 40137480; 1
424; 39372043; 1
424; 30064919; 1
424; 28950625; 1
424; 45713814; 1
424; 32910698; 1
424; 31648097; 1
424; 37173333; 1
424; 32425259; 1
424; 33425565; 1
424; 26802152; 1
424; 34078886; 1
424; 40825499; 1
424; 40140771; 1
424; 38185353; 1
424; 31761305; 1
424; 30089336; 1
424; 34455585; 1
424; 35685893; 1
424; 36740923; 1
424; 26241569; 1
424; 33693911; 1
424; 33772151; 1
424; 34265667; 1
424; 33331395; 1
424; 39776266; 1
556; 53386834; 1
556; 54085294; 1
556; 50264423; 1
556; 48153101; 1
556; 49415019; 1
556; 48309639; 1
556; 52711694; 1
556; 49222342; 1
556; 57163727; 1
556; 61102048; 1
556; 45813437; 1
556; 52046807; 1
556; 48529172; 1
556; 52146515; 1
556; 60519188; 1
556; 56431456; 1
556; 52556349; 1
556; 52647020; 1
556; 51296638; 1
556; 38933925; 1
556; 49947268; 1
556; 58297304; 1
556; 54428861; 1
556; 62701140; 1
556; 61024059; 1
556; 54141094; 1
556; 56041420; 1
556; 55415421; 1
556; 59045918; 1
556; 53112200; 1
729; 64785418; 1
729; 73449420; 1
729; 73828396; 1
729; 80988058; 1
729; 67660878; 1
729; 73882016; 1
729; 73154849; 1
729; 83919121; 1
729; 79491106; 1
729; 87271779; 1
729; 76531937; 1
729; 72313154; 1
729; 71655832; 1
729; 71511694; 1
729; 71810840; 1
729; 68769517; 1
729; 82811963; 1
729; 76799605; 1
729; 92586690; 1
729; 82620503; 1
729; 81332448; 1
729; 65352421; 1
729; 78134602; 1
729; 78737513; 1
729; 78361912; 1
729; 84741078; 1
729; 69840546; 1
729; 86307658; 1
729; 65512755; 1
729; 85744360; 1
955; 95582465; 1
955; 114497777; 1
955; 98399696; 1
955; 121803538; 1
955; 110255995; 1
955; 120990522; 1
955; 126743712; 1
955; 129806960; 1
955; 106241356; 1
955; 139241888; 1
955; 112058177; 1
955; 116925415; 1
955; 101715380; 1
955; 118048647; 1
955; 90360313; 1
955; 115012348; 1
955; 110432192; 1
955; 119445228; 1
955; 130331386; 1
955; 137284875; 1
955; 101606511; 1
955; 119444708; 1
955; 114035693; 1
955; 113074358; 1
955; 116222068; 1
955; 110656739; 1
955; 111253811; 1
955; 132197803; 1
955; 101591942; 1
955; 138025141; 1
1251; 140918731; 1
1251; 172660427; 1
1251; 167290847; 1
1251; 150034130; 1
1251; 169438933; 1
1251; 213158978; 1
1251; 205566599; 1
1251; 188642491; 1
1251; 220498218; 1
1251; 196394027; 1
1251; 139877144; 1
1251; 142074885; 1
1251; 163017129; 1
1251; 180649956; 1
1251; 146674072; 1
1251; 183399236; 1
1251; 168243243; 1
1251; 192490769; 1
1251; 162280491; 1
1251; 148336199; 1
1251; 176867981; 1
1251; 163531210; 1
1251; 170960051; 1
1251; 181514059; 1
1251; 142231778; 1
1251; 180290830; 1
1251; 175955589; 1
1251; 145044009; 1
1251; 175141862; 1
1251; 168281351; 1
1640; 251938483; 1
1640; 212602351; 1
1640; 269665324; 1
1640; 243580980; 1
1640; 265408868; 1
1640; 234447064; 1
1640; 278314788; 1
1640; 299931862; 1
1640; 282076253; 1
1640; 306728151; 1
1640; 247299123; 1
1640; 247088290; 1
1640; 233353007; 1
1640; 255153721; 1
1640; 279929056; 1
1640; 209109011; 1
1640; 254441290; 1
1640; 282853475; 1
1640; 227603614; 1
1640; 285207464; 1
1640; 221084180; 1
1640; 249733935; 1
1640; 314220619; 1
1640; 272718309; 1
1640; 231358827; 1
1640; 234986715; 1
1640; 257033009; 1
1640; 264644409; 1
1640; 265665877; 1
1640; 269790815; 1
2149; 368135774; 1
2149; 379455734; 1
2149; 410787998; 1
2149; 455521100; 1
2149; 449744732; 1
2149; 380229016; 1
2149; 405394836; 1
2149; 446105276; 1
2149; 471836836; 1
2149; 449737893; 1
2149; 462370394; 1
2149; 396100620; 1
2149; 364748124; 1
2149; 385121701; 1
2149; 450293007; 1
2149; 455027574; 1
2149; 447632227; 1
2149; 421714073; 1
2149; 431175913; 1
2149; 451911526; 1
2149; 341791760; 1
2149; 356086371; 1
2149; 467197935; 1
2149; 399758389; 1
2149; 397732531; 1
2149; 409312722; 1
2149; 404698079; 1
2149; 456350249; 1
2149; 478199575; 1
2149; 470449306; 1
2817; 584883307; 1
2817; 651485547; 1
2817; 573358632; 1
2817; 671547590; 1
2817; 649742573; 1
2817; 719316086; 1
2817; 741088745; 1
2817; 692663977; 1
2817; 664719580; 1
2817; 679916673; 1
2817; 530775892; 1
2817; 565846430; 1
2817; 750702157; 1
2817; 711635809; 1
2817; 644877703; 1
2817; 695042398; 1
2817; 757456657; 1
2817; 695067432; 1
2817; 668441994; 1
2817; 728897443; 1
2817; 592547908; 1
2817; 621600667; 1
2817; 662703187; 1
2817; 678292141; 1
2817; 630447271; 1
2817; 805958974; 1
2817; 621996864; 1
2817; 716322310; 1
2817; 717345483; 1
2817; 799521378; 1
3691; 994869309; 1
3691; 871257497; 1
3691; 1104671264; 1
3691; 1058778970; 1
3691; 1024051951; 1
3691; 1074654973; 1
3691; 1028833802; 1
3691; 1086814594; 1
3691; 1052246716; 1
3691; 842615402; 1
3691; 1104691420; 1
3691; 972516638; 1
3691; 924789195; 1
3691; 940068267; 1
3691; 953289297; 1
3691; 999995950; 1
3691; 843389252; 1
3691; 1116036101; 1
3691; 1136245147; 1
3691; 1025684222; 1
3691; 1219857137; 1
3691; 999477881; 1
3691; 961093542; 1
3691; 974687712; 1
3691; 912906209; 1
3691; 908087608; 1
3691; 1142052243; 1
3691; 1215067648; 1
3691; 1268361742; 1
3691; 1210016604; 1
4837; 1392125447; 1
4837; 1896604490; 1
4837; 1743913199; 1
4837; 1562614341; 1
4837; 1683961117; 1
4837; 1577747592; 1
4837; 1749526500; 1
4837; 1587498918; 1
4837; 1957961388; 1
4837; 1543138720; 1
4837; 2069991314; 1
4837; 1720425952; 1
4837; 1773996541; 1
4837; 1729425721; 1
4837; 1789465546; 1
4837; 1778132006; 1
4837; 1839815577; 1
4837; 1796305777; 1
4837; 1535579432; 1
4837; 1824616863; 1
4837; 1731938231; 1
4837; 1488421385; 1
4837; 1709015702; 1
4837; 1895349069; 1
4837; 1623574037; 1
4837; 1889597136; 1
4837; 1558414966; 1
4837; 1718011169; 1
4837; 1939755821; 1
4837; 2092794693; 1
6338; 2882143767; 1
6338; 2431269422; 1
6338; 2999349854; 1
6338; 3403679398; 1
6338; 3187482580; 1
6338; 3058743465; 1
6338; 2749722179; 1
6338; 3143511666; 1
6338; 3352660362; 1
6338; 3287231503; 1
6338; 2147676029; 1
6338; 3074833871; 1
6338; 2723769654; 1
6338; 3079878125; 1
6338; 2497710783; 1
6338; 3228090300; 1
6338; 3249360124; 1
6338; 3223847452; 1
6338; 2540013708; 1
6338; 2927743589; 1
6338; 3177317459; 1
6338; 2914696599; 1
6338; 2536001883; 1
6338; 3278301555; 1
6338; 2325967184; 1
6338; 3107516777; 1
6338; 2367447888; 1
6338; 3097310255; 1
6338; 3027503442; 1
6338; 3062154286; 1
8306; 5125655386; 1
8306; 4465028274; 1
8306; 4619040130; 1
8306; 4506839638; 1
8306; 5136394259; 1
8306; 4392020572; 1
8306; 5471936164; 1
8306; 5121168329; 1
8306; 4929546324; 1
8306; 5783198127; 1
8306; 5074206444; 1
8306; 4625859880; 1
8306; 5090730261; 1
8306; 4515997690; 1
8306; 5279015753; 1
8306; 5358382368; 1
8306; 5342185474; 1
8306; 4979025668; 1
8306; 4532824594; 1
8306; 5043375751; 1
8306; 4555567049; 1
8306; 5098637730; 1
8306; 4783894972; 1
8306; 4736013282; 1
8306; 5382506423; 1
8306; 4876034644; 1
8306; 4821363312; 1
8306; 5798170617; 1
8306; 5479402310; 1
8306; 5161039288; 1
10884; 8108748004; 1
10884; 8866301990; 1
10884; 9268031013; 1
10884; 8766885308; 1
10884; 8419355918; 1
10884; 8850929755; 1
10884; 9797925740; 1
10884; 9154753139; 1
10884; 9642675713; 1
10884; 9305645703; 1
10884; 8512661609; 1
10884; 8127884037; 1
10884; 8868263542; 1
10884; 9140760206; 1
10884; 8665620115; 1
10884; 8528759750; 1
10884; 8419619648; 1
10884; 9144134921; 1
10884; 8463834948; 1
10884; 8747514805; 1
10884; 7979158583; 1
10884; 7508319446; 1
10884; 8721922566; 1
10884; 8675253729; 1
10884; 8005796549; 1
10884; 7932249443; 1
10884; 7938560522; 1
10884; 8516391509; 1
10884; 7989697955; 1
10884; 8472673144; 1
14263; 13025555731; 1
14263; 13902591867; 1
14263; 14845910617; 1
14263; 13451864915; 1
14263; 13891696080; 1
14263; 14666475310; 1
14263; 15288784285; 1
14263; 13853173922; 1
14263; 14888109052; 1
14263; 13868299913; 1
14263; 12924139781; 1
14263; 13062666884; 1
14263; 13393540158; 1
14263; 14144040195; 1
14263; 13796399864; 1
14263; 13307389502; 1
14263; 13685451111; 1
14263; 14031858036; 1
14263; 13459306739; 1
14263; 13921079160; 1
14263; 11810283704; 1
14263; 13763282774; 1
14263; 13608730578; 1
14263; 14293510146; 1
14263; 13368974743; 1
14263; 13276465782; 1
14263; 14766120832; 1
14263; 12205368573; 1
14263; 13647153939; 1
14263; 13976858812; 1
18690; 21398269591; 1
18690; 21063356475; 1
18690; 21093517023; 1
18690; 20925937023; 1
18690; 21351529521; 1
18690; 23611627771; 1
18690; 24255506017; 1
18690; 22333873904; 1
18690; 23637772110; 1
18690; 24892405602; 1
18690; 22892578154; 1
18690; 22069825585; 1
18690; 20949213446; 1
18690; 21249782492; 1
18690; 23294003571; 1
18690; 23148540026; 1
18690; 22633657406; 1
18690; 25874585479; 1
18690; 23486698688; 1
18690; 25599185284; 1
18690; 20877810628; 1
18690; 20786787669; 1
18690; 20827648692; 1
18690; 22691390051; 1
18690; 24111695174; 1
18690; 23406994663; 1
18690; 25473178946; 1
18690; 26244613862; 1
18690; 26741880438; 1
18690; 25936874441; 1
24491; 34916567185; 1
24491; 33663839192; 1
24491; 41170784113; 1
24491; 37672239676; 1
24491; 35378639173; 1
24491; 43310182275; 1
24491; 43337530290; 1
24491; 40018293249; 1
24491; 44959334304; 1
24491; 42511003540; 1
24491; 36896097236; 1
24491; 38659978448; 1
24491; 43408274731; 1
24491; 45295047642; 1
24491; 35847015826; 1
24491; 39820810003; 1
24491; 38235241921; 1
24491; 37995312436; 1
24491; 38300822214; 1
24491; 40963609620; 1
24491; 36706863844; 1
24491; 35957674422; 1
24491; 34682843671; 1
24491; 37619289037; 1
24491; 36932031925; 1
24491; 36854229734; 1
24491; 37524284392; 1
24491; 38460310920; 1
24491; 34558343497; 1
24491; 40184113927; 1
32093; 62027361797; 1
32093; 58843057095; 1
32093; 65972016977; 1
32093; 65332777522; 1
32093; 64488563011; 1
32093; 58105149413; 1
32093; 65228448414; 1
32093; 64026999401; 1
32093; 65471251342; 1
32093; 67698876915; 1
32093; 63171332128; 1
32093; 60377801944; 1
32093; 61255755247; 1
32093; 62948184076; 1
32093; 60474211487; 1
32093; 70392036582; 1
32093; 68396792466; 1
32093; 69700049695; 1
32093; 72346477884; 1
32093; 69400659052; 1
32093; 60612694021; 1
32093; 61671223775; 1
32093; 58184439201; 1
32093; 62237959909; 1
32093; 67882371088; 1
32093; 62688741264; 1
32093; 70876667685; 1
32093; 63873120114; 1
32093; 65347415055; 1
32093; 65269289478; 1
